backend	case_id	family	source_commit	source_diff_sha256	stage_total_s	stage_scope	command_wall_s	peak_physical_footprint_bytes	reference_match	verification	proof_sha256	outputs_sha256	packed_sha256	timer_digest	receipt_sha256
cuda	pie:15582797_15582797	pie	1433d61b590058980d02b3f5bc912fe073c1a646	e3b0c44298fc1c149afbf4c8996fb92427ae41e4649b934ca495991b7852b855	1.246162136	exact-cuda-cairo-wrap-fold-call-boundaries	5.681290326	90470678528	true	exact-reference-and-rust-cairo	fcc457fee3bcaca85efd97d308daa1a16e849c633b4571144417543158eb1eeb			1d525125717c95da0af6ddfe4039547d15b9ba865da2318344b37081d9b72512	436face58098e8494b06154b1d1c56898cedb54406466d89ca36ef4c87671e5b
cuda	pie:15603744_15603744	pie	1433d61b590058980d02b3f5bc912fe073c1a646	e3b0c44298fc1c149afbf4c8996fb92427ae41e4649b934ca495991b7852b855	1.192325590	exact-cuda-cairo-wrap-fold-call-boundaries	5.386649653	89698926592	true	exact-reference-and-rust-cairo	bf963282d104deec420cdaec8e26f8b2fd235c2e2374a7a4f0b8d6eedf0f3109			1d525125717c95da0af6ddfe4039547d15b9ba865da2318344b37081d9b72512	436face58098e8494b06154b1d1c56898cedb54406466d89ca36ef4c87671e5b
cuda	pie:15581148_15581148	pie	1433d61b590058980d02b3f5bc912fe073c1a646	e3b0c44298fc1c149afbf4c8996fb92427ae41e4649b934ca495991b7852b855	1.138537313	exact-cuda-cairo-wrap-fold-call-boundaries	5.326155213	84531544064	true	exact-reference-and-rust-cairo	fd4f9c27bad18a2c7f089b8af5eb7c8e3a3db1c7aeb3d38f3ad5b142f6061b3c			1d525125717c95da0af6ddfe4039547d15b9ba865da2318344b37081d9b72512	436face58098e8494b06154b1d1c56898cedb54406466d89ca36ef4c87671e5b
cuda	pie:15590913_15590913	pie	1433d61b590058980d02b3f5bc912fe073c1a646	e3b0c44298fc1c149afbf4c8996fb92427ae41e4649b934ca495991b7852b855	1.503452040	exact-cuda-cairo-wrap-fold-call-boundaries	5.782372564	105201074176	true	exact-reference-and-rust-cairo	23ef11f1f7bbf0b31d6ede197bd67d2548975b951283c4cedc0fb6148e443af9			1d525125717c95da0af6ddfe4039547d15b9ba865da2318344b37081d9b72512	436face58098e8494b06154b1d1c56898cedb54406466d89ca36ef4c87671e5b
cuda	pie:15588777_15588780	pie	1433d61b590058980d02b3f5bc912fe073c1a646	e3b0c44298fc1c149afbf4c8996fb92427ae41e4649b934ca495991b7852b855	1.878660846	exact-cuda-cairo-wrap-fold-call-boundaries	6.780153067	134057885696	true	exact-reference-and-rust-cairo	8f24b5a15dceb4c1b850c39e9fb699acf9e1ddcecac2fc993960ce783c8ca310			1d525125717c95da0af6ddfe4039547d15b9ba865da2318344b37081d9b72512	436face58098e8494b06154b1d1c56898cedb54406466d89ca36ef4c87671e5b
cuda	pie:15591789_15591789	pie	1433d61b590058980d02b3f5bc912fe073c1a646	e3b0c44298fc1c149afbf4c8996fb92427ae41e4649b934ca495991b7852b855	1.630306483	exact-cuda-cairo-wrap-fold-call-boundaries	5.823559698	116240482304	true	exact-reference-and-rust-cairo	3c39b6f0a59aec76ccc5c215a2530905a0617306260e3590284f11931578151a			1d525125717c95da0af6ddfe4039547d15b9ba865da2318344b37081d9b72512	436face58098e8494b06154b1d1c56898cedb54406466d89ca36ef4c87671e5b
cuda	recursion:two-leaf-wrap-fold	recursion	1433d61b590058980d02b3f5bc912fe073c1a646	e3b0c44298fc1c149afbf4c8996fb92427ae41e4649b934ca495991b7852b855	0.555450879	exact-cuda-cairo-wrap-fold-call-boundaries	2.578932393	29405806592	true	exact-reference	9093f941c4a9144fd653441c582cc0921bac8431df8df46bdd556b8e661af724	abaefd94d716e2e4f07b5a2fcd521764e5d4c0f8dd04ec60e095bf74d0e1349b	72f17bf582e5438defd30e2f3c52f87ff47e5d6f0d1223b98d37bac8007c54a2	1d525125717c95da0af6ddfe4039547d15b9ba865da2318344b37081d9b72512	436face58098e8494b06154b1d1c56898cedb54406466d89ca36ef4c87671e5b
cuda	recursion:eight-distinct-pie-fold	recursion	1433d61b590058980d02b3f5bc912fe073c1a646	e3b0c44298fc1c149afbf4c8996fb92427ae41e4649b934ca495991b7852b855	2.794324416	exact-cuda-cairo-wrap-fold-call-boundaries	7.279516098	29405806592	true	exact-reference	053157c56469b3c452435ca9b0569979e928405c130928b8b76b49fbbe2646a9	5f88063eb7054713e3ee24507b239d972c668a781b99d067fa3b4f0e12fd968d	deb27b33f0057f9cd4cff1ae9eea782d588b3c4a7babce4551fe3a6f043786b4	1d525125717c95da0af6ddfe4039547d15b9ba865da2318344b37081d9b72512	436face58098e8494b06154b1d1c56898cedb54406466d89ca36ef4c87671e5b
cuda	pipeline:two-leaf-root	pipeline	1433d61b590058980d02b3f5bc912fe073c1a646	e3b0c44298fc1c149afbf4c8996fb92427ae41e4649b934ca495991b7852b855	2.668880976	exact-cuda-cairo-wrap-fold-call-boundaries	15.252233742	69434146816	true	exact-reference-and-resident-cairo-leaves	9093f941c4a9144fd653441c582cc0921bac8431df8df46bdd556b8e661af724	abaefd94d716e2e4f07b5a2fcd521764e5d4c0f8dd04ec60e095bf74d0e1349b	72f17bf582e5438defd30e2f3c52f87ff47e5d6f0d1223b98d37bac8007c54a2	1d525125717c95da0af6ddfe4039547d15b9ba865da2318344b37081d9b72512	436face58098e8494b06154b1d1c56898cedb54406466d89ca36ef4c87671e5b
