cohort	abba_position	variant	pie_ordinal	pie_id	input_sha256	input_bytes	source_commit	source_overlay	binary_sha256	manifest_sha256	command_wall_s	leaf_ingress_s	source_s	static_s	writers_s	proof_execute_finish_s	lookahead_prepare_s	lookahead_wait_s	device_peak_bytes	leaf_proof_sha256	proof_hash_matches_baseline	security_profile	receipt_sha256	receipt_row	receipt_url
two-distinct	0	baseline	0	15581148_15581148	272f0b1d79d89e999f83b8a34f01dbc3f7a500ecb815c189156bd3fb54e25e57	377015036	74466458521dc127ae0a26800da2d1c50868f4d6	pool-admission-only	e16bfe12ef6cccb3ee25ce4012c3a84c124f77ff8d9f7b1f1205a318205b6902	edf1cfcbc60646b7f2eba79e9bf0c30e6ffafa2390a320b653ac8971a5e345be	11.515744098	3.658724069	1.702386868	0.683854407	0.430549262	1.366009035	0.000000000	0.000000000	97215119360	bd838f49262d96bcdcb57b17aac1e7ff409e742c0b6a450661163f479d7b6ff3	true	cairo-circuit-leaf-70q-26pow-24interaction	b022414f70972358e48508baa8dc0aea69b604242e71041ff83bc2f621c316b5	1	https://github.com/teddyjfpender/proving-service/blob/3e8cd9d/data/h200-ingress-212/final-ab-results.jsonl#L1
two-distinct	0	baseline	1	15578440_15578449	ca950389462dd54acad8016df6861f0c324e246fc6c2acabec2a6fabf8db69d6	101602848	74466458521dc127ae0a26800da2d1c50868f4d6	pool-admission-only	e16bfe12ef6cccb3ee25ce4012c3a84c124f77ff8d9f7b1f1205a318205b6902	edf1cfcbc60646b7f2eba79e9bf0c30e6ffafa2390a320b653ac8971a5e345be	11.515744098	1.608180467	0.686727489	0.040147793	0.118145760	0.420208096	0.000000000	0.000000000	97215119360	0c511192ce493322ce96414dbac0234fa826fc0582abcf00ae80b59e34a13667	true	cairo-circuit-leaf-70q-26pow-24interaction	b022414f70972358e48508baa8dc0aea69b604242e71041ff83bc2f621c316b5	1	https://github.com/teddyjfpender/proving-service/blob/3e8cd9d/data/h200-ingress-212/final-ab-results.jsonl#L1
two-distinct	1	candidate	0	15581148_15581148	272f0b1d79d89e999f83b8a34f01dbc3f7a500ecb815c189156bd3fb54e25e57	377015036	ab56a3ff2011ea50fc99818413bb978253a083ab	none	c3d124faa0ce39fd6255da79d8310ba27721e941b6b9b68a406030072921c69b	0bf4decd7a61b46a4dfbc83d048b61500ccf5d902bf67d6534e7dbdb2fba0b19	10.535496984	3.272841108	0.863118001	1.021188001	0.551768618	1.366068035	0.000000000	0.000000000	97215119360	bd838f49262d96bcdcb57b17aac1e7ff409e742c0b6a450661163f479d7b6ff3	true	cairo-circuit-leaf-70q-26pow-24interaction	b022414f70972358e48508baa8dc0aea69b604242e71041ff83bc2f621c316b5	2	https://github.com/teddyjfpender/proving-service/blob/3e8cd9d/data/h200-ingress-212/final-ab-results.jsonl#L2
two-distinct	1	candidate	1	15578440_15578449	ca950389462dd54acad8016df6861f0c324e246fc6c2acabec2a6fabf8db69d6	101602848	ab56a3ff2011ea50fc99818413bb978253a083ab	none	c3d124faa0ce39fd6255da79d8310ba27721e941b6b9b68a406030072921c69b	0bf4decd7a61b46a4dfbc83d048b61500ccf5d902bf67d6534e7dbdb2fba0b19	10.535496984	0.927731846	0.000203632	0.062505293	0.131554814	0.421096914	0.389672912	0.000009767	97215119360	0c511192ce493322ce96414dbac0234fa826fc0582abcf00ae80b59e34a13667	true	cairo-circuit-leaf-70q-26pow-24interaction	b022414f70972358e48508baa8dc0aea69b604242e71041ff83bc2f621c316b5	2	https://github.com/teddyjfpender/proving-service/blob/3e8cd9d/data/h200-ingress-212/final-ab-results.jsonl#L2
two-distinct	2	candidate	0	15581148_15581148	272f0b1d79d89e999f83b8a34f01dbc3f7a500ecb815c189156bd3fb54e25e57	377015036	ab56a3ff2011ea50fc99818413bb978253a083ab	none	c3d124faa0ce39fd6255da79d8310ba27721e941b6b9b68a406030072921c69b	0bf4decd7a61b46a4dfbc83d048b61500ccf5d902bf67d6534e7dbdb2fba0b19	10.380276397	3.364741024	0.861757255	1.142478511	0.536232120	1.379922389	0.000000000	0.000000000	97215119360	bd838f49262d96bcdcb57b17aac1e7ff409e742c0b6a450661163f479d7b6ff3	true	cairo-circuit-leaf-70q-26pow-24interaction	b022414f70972358e48508baa8dc0aea69b604242e71041ff83bc2f621c316b5	3	https://github.com/teddyjfpender/proving-service/blob/3e8cd9d/data/h200-ingress-212/final-ab-results.jsonl#L3
two-distinct	2	candidate	1	15578440_15578449	ca950389462dd54acad8016df6861f0c324e246fc6c2acabec2a6fabf8db69d6	101602848	ab56a3ff2011ea50fc99818413bb978253a083ab	none	c3d124faa0ce39fd6255da79d8310ba27721e941b6b9b68a406030072921c69b	0bf4decd7a61b46a4dfbc83d048b61500ccf5d902bf67d6534e7dbdb2fba0b19	10.380276397	0.842118493	0.000183780	0.038624621	0.123464584	0.420821262	0.384846140	0.000011953	97215119360	0c511192ce493322ce96414dbac0234fa826fc0582abcf00ae80b59e34a13667	true	cairo-circuit-leaf-70q-26pow-24interaction	b022414f70972358e48508baa8dc0aea69b604242e71041ff83bc2f621c316b5	3	https://github.com/teddyjfpender/proving-service/blob/3e8cd9d/data/h200-ingress-212/final-ab-results.jsonl#L3
two-distinct	3	baseline	0	15581148_15581148	272f0b1d79d89e999f83b8a34f01dbc3f7a500ecb815c189156bd3fb54e25e57	377015036	74466458521dc127ae0a26800da2d1c50868f4d6	pool-admission-only	e16bfe12ef6cccb3ee25ce4012c3a84c124f77ff8d9f7b1f1205a318205b6902	edf1cfcbc60646b7f2eba79e9bf0c30e6ffafa2390a320b653ac8971a5e345be	11.133630145	3.494076938	1.172981619	0.825943815	0.546581410	1.377822724	0.000000000	0.000000000	97215119360	bd838f49262d96bcdcb57b17aac1e7ff409e742c0b6a450661163f479d7b6ff3	true	cairo-circuit-leaf-70q-26pow-24interaction	b022414f70972358e48508baa8dc0aea69b604242e71041ff83bc2f621c316b5	4	https://github.com/teddyjfpender/proving-service/blob/3e8cd9d/data/h200-ingress-212/final-ab-results.jsonl#L4
two-distinct	3	baseline	1	15578440_15578449	ca950389462dd54acad8016df6861f0c324e246fc6c2acabec2a6fabf8db69d6	101602848	74466458521dc127ae0a26800da2d1c50868f4d6	pool-admission-only	e16bfe12ef6cccb3ee25ce4012c3a84c124f77ff8d9f7b1f1205a318205b6902	edf1cfcbc60646b7f2eba79e9bf0c30e6ffafa2390a320b653ac8971a5e345be	11.133630145	1.393514760	0.464489059	0.040969666	0.129771235	0.420374976	0.000000000	0.000000000	97215119360	0c511192ce493322ce96414dbac0234fa826fc0582abcf00ae80b59e34a13667	true	cairo-circuit-leaf-70q-26pow-24interaction	b022414f70972358e48508baa8dc0aea69b604242e71041ff83bc2f621c316b5	4	https://github.com/teddyjfpender/proving-service/blob/3e8cd9d/data/h200-ingress-212/final-ab-results.jsonl#L4
four-distinct	0	baseline	0	15581148_15581148	272f0b1d79d89e999f83b8a34f01dbc3f7a500ecb815c189156bd3fb54e25e57	377015036	74466458521dc127ae0a26800da2d1c50868f4d6	pool-admission-only	e16bfe12ef6cccb3ee25ce4012c3a84c124f77ff8d9f7b1f1205a318205b6902	2311fea6bd8f47700c1f65e3d524e41f2cf01fd22cfe39da5312d62e11692e0c	23.078086391	3.932463984	1.179457109	1.336062640	0.521996658	1.364382062	0.000000000	0.000000000	142647820288	bd838f49262d96bcdcb57b17aac1e7ff409e742c0b6a450661163f479d7b6ff3	true	cairo-circuit-leaf-70q-26pow-24interaction	ebc4d9adc71892150ad960596b1b328cead42b2d01294b3f07598d3256dabc6d	1	https://github.com/teddyjfpender/proving-service/blob/3e8cd9d/data/h200-ingress-212/final4-ab-results.jsonl#L1
four-distinct	0	baseline	1	15582797_15582797	319b538ff50ad8e04735886a7844de300198194a4cc2128dcb57bc625ec4e4cb	408205744	74466458521dc127ae0a26800da2d1c50868f4d6	pool-admission-only	e16bfe12ef6cccb3ee25ce4012c3a84c124f77ff8d9f7b1f1205a318205b6902	2311fea6bd8f47700c1f65e3d524e41f2cf01fd22cfe39da5312d62e11692e0c	23.078086391	2.309023217	1.213869178	0.070999208	0.344408503	1.350596865	0.000000000	0.000000000	142647820288	ee758e90ccde7871f51420f8f50f70f6628a422242b9872ebebb9039a28a1118	true	cairo-circuit-leaf-70q-26pow-24interaction	ebc4d9adc71892150ad960596b1b328cead42b2d01294b3f07598d3256dabc6d	1	https://github.com/teddyjfpender/proving-service/blob/3e8cd9d/data/h200-ingress-212/final4-ab-results.jsonl#L1
four-distinct	0	baseline	2	15578440_15578449	ca950389462dd54acad8016df6861f0c324e246fc6c2acabec2a6fabf8db69d6	101602848	74466458521dc127ae0a26800da2d1c50868f4d6	pool-admission-only	e16bfe12ef6cccb3ee25ce4012c3a84c124f77ff8d9f7b1f1205a318205b6902	2311fea6bd8f47700c1f65e3d524e41f2cf01fd22cfe39da5312d62e11692e0c	23.078086391	1.335971265	0.472389647	0.043187657	0.121239333	0.421172760	0.000000000	0.000000000	142647820288	0c511192ce493322ce96414dbac0234fa826fc0582abcf00ae80b59e34a13667	true	cairo-circuit-leaf-70q-26pow-24interaction	ebc4d9adc71892150ad960596b1b328cead42b2d01294b3f07598d3256dabc6d	1	https://github.com/teddyjfpender/proving-service/blob/3e8cd9d/data/h200-ingress-212/final4-ab-results.jsonl#L1
four-distinct	0	baseline	3	15588777_15588780	1509610daab8281002aff83d052cf311d1753952d9f45cf92a3f6380bbe795f6	662633424	74466458521dc127ae0a26800da2d1c50868f4d6	pool-admission-only	e16bfe12ef6cccb3ee25ce4012c3a84c124f77ff8d9f7b1f1205a318205b6902	2311fea6bd8f47700c1f65e3d524e41f2cf01fd22cfe39da5312d62e11692e0c	23.078086391	3.393329956	1.841925309	0.092499907	0.600324421	1.989413274	0.000000000	0.000000000	142647820288	9599c4dbe5c41634245e19ae7df3d963e7a245532cb267c8c0bd63f388d2354c	true	cairo-circuit-leaf-70q-26pow-24interaction	ebc4d9adc71892150ad960596b1b328cead42b2d01294b3f07598d3256dabc6d	1	https://github.com/teddyjfpender/proving-service/blob/3e8cd9d/data/h200-ingress-212/final4-ab-results.jsonl#L1
four-distinct	1	candidate	0	15581148_15581148	272f0b1d79d89e999f83b8a34f01dbc3f7a500ecb815c189156bd3fb54e25e57	377015036	ab56a3ff2011ea50fc99818413bb978253a083ab	none	c3d124faa0ce39fd6255da79d8310ba27721e941b6b9b68a406030072921c69b	3e4720b20149239c9093e7f3e0cbb9df1585b20f237ee5eef5fd2f34c33c995e	19.470013008	3.233458478	0.863546711	1.081326428	0.400832141	1.385966926	0.000000000	0.000000000	142647820288	bd838f49262d96bcdcb57b17aac1e7ff409e742c0b6a450661163f479d7b6ff3	true	cairo-circuit-leaf-70q-26pow-24interaction	ebc4d9adc71892150ad960596b1b328cead42b2d01294b3f07598d3256dabc6d	2	https://github.com/teddyjfpender/proving-service/blob/3e8cd9d/data/h200-ingress-212/final4-ab-results.jsonl#L2
four-distinct	1	candidate	1	15582797_15582797	319b538ff50ad8e04735886a7844de300198194a4cc2128dcb57bc625ec4e4cb	408205744	ab56a3ff2011ea50fc99818413bb978253a083ab	none	c3d124faa0ce39fd6255da79d8310ba27721e941b6b9b68a406030072921c69b	3e4720b20149239c9093e7f3e0cbb9df1585b20f237ee5eef5fd2f34c33c995e	19.470013008	1.127138559	0.000190303	0.067364393	0.354199209	1.352149251	0.877289645	0.000004650	142647820288	ee758e90ccde7871f51420f8f50f70f6628a422242b9872ebebb9039a28a1118	true	cairo-circuit-leaf-70q-26pow-24interaction	ebc4d9adc71892150ad960596b1b328cead42b2d01294b3f07598d3256dabc6d	2	https://github.com/teddyjfpender/proving-service/blob/3e8cd9d/data/h200-ingress-212/final4-ab-results.jsonl#L2
four-distinct	1	candidate	2	15578440_15578449	ca950389462dd54acad8016df6861f0c324e246fc6c2acabec2a6fabf8db69d6	101602848	ab56a3ff2011ea50fc99818413bb978253a083ab	none	c3d124faa0ce39fd6255da79d8310ba27721e941b6b9b68a406030072921c69b	3e4720b20149239c9093e7f3e0cbb9df1585b20f237ee5eef5fd2f34c33c995e	19.470013008	0.947180922	0.000194208	0.039430300	0.121494483	0.421907116	0.384803627	0.000006183	142647820288	0c511192ce493322ce96414dbac0234fa826fc0582abcf00ae80b59e34a13667	true	cairo-circuit-leaf-70q-26pow-24interaction	ebc4d9adc71892150ad960596b1b328cead42b2d01294b3f07598d3256dabc6d	2	https://github.com/teddyjfpender/proving-service/blob/3e8cd9d/data/h200-ingress-212/final4-ab-results.jsonl#L2
four-distinct	1	candidate	3	15588777_15588780	1509610daab8281002aff83d052cf311d1753952d9f45cf92a3f6380bbe795f6	662633424	ab56a3ff2011ea50fc99818413bb978253a083ab	none	c3d124faa0ce39fd6255da79d8310ba27721e941b6b9b68a406030072921c69b	3e4720b20149239c9093e7f3e0cbb9df1585b20f237ee5eef5fd2f34c33c995e	19.470013008	1.606666990	0.000173914	0.089714417	0.632212790	1.989200786	1.334271080	0.000001989	142647820288	9599c4dbe5c41634245e19ae7df3d963e7a245532cb267c8c0bd63f388d2354c	true	cairo-circuit-leaf-70q-26pow-24interaction	ebc4d9adc71892150ad960596b1b328cead42b2d01294b3f07598d3256dabc6d	2	https://github.com/teddyjfpender/proving-service/blob/3e8cd9d/data/h200-ingress-212/final4-ab-results.jsonl#L2
four-distinct	2	candidate	0	15581148_15581148	272f0b1d79d89e999f83b8a34f01dbc3f7a500ecb815c189156bd3fb54e25e57	377015036	ab56a3ff2011ea50fc99818413bb978253a083ab	none	c3d124faa0ce39fd6255da79d8310ba27721e941b6b9b68a406030072921c69b	3e4720b20149239c9093e7f3e0cbb9df1585b20f237ee5eef5fd2f34c33c995e	18.816467360	3.100040315	0.854954929	1.012813177	0.393111486	1.363951922	0.000000000	0.000000000	142647820288	bd838f49262d96bcdcb57b17aac1e7ff409e742c0b6a450661163f479d7b6ff3	true	cairo-circuit-leaf-70q-26pow-24interaction	ebc4d9adc71892150ad960596b1b328cead42b2d01294b3f07598d3256dabc6d	3	https://github.com/teddyjfpender/proving-service/blob/3e8cd9d/data/h200-ingress-212/final4-ab-results.jsonl#L3
four-distinct	2	candidate	1	15582797_15582797	319b538ff50ad8e04735886a7844de300198194a4cc2128dcb57bc625ec4e4cb	408205744	ab56a3ff2011ea50fc99818413bb978253a083ab	none	c3d124faa0ce39fd6255da79d8310ba27721e941b6b9b68a406030072921c69b	3e4720b20149239c9093e7f3e0cbb9df1585b20f237ee5eef5fd2f34c33c995e	18.816467360	1.196652247	0.000170531	0.075970748	0.354451988	1.351718577	0.876521135	0.000002416	142647820288	ee758e90ccde7871f51420f8f50f70f6628a422242b9872ebebb9039a28a1118	true	cairo-circuit-leaf-70q-26pow-24interaction	ebc4d9adc71892150ad960596b1b328cead42b2d01294b3f07598d3256dabc6d	3	https://github.com/teddyjfpender/proving-service/blob/3e8cd9d/data/h200-ingress-212/final4-ab-results.jsonl#L3
four-distinct	2	candidate	2	15578440_15578449	ca950389462dd54acad8016df6861f0c324e246fc6c2acabec2a6fabf8db69d6	101602848	ab56a3ff2011ea50fc99818413bb978253a083ab	none	c3d124faa0ce39fd6255da79d8310ba27721e941b6b9b68a406030072921c69b	3e4720b20149239c9093e7f3e0cbb9df1585b20f237ee5eef5fd2f34c33c995e	18.816467360	0.894520797	0.000197760	0.040532923	0.124756576	0.420485283	0.391151099	0.000001783	142647820288	0c511192ce493322ce96414dbac0234fa826fc0582abcf00ae80b59e34a13667	true	cairo-circuit-leaf-70q-26pow-24interaction	ebc4d9adc71892150ad960596b1b328cead42b2d01294b3f07598d3256dabc6d	3	https://github.com/teddyjfpender/proving-service/blob/3e8cd9d/data/h200-ingress-212/final4-ab-results.jsonl#L3
four-distinct	2	candidate	3	15588777_15588780	1509610daab8281002aff83d052cf311d1753952d9f45cf92a3f6380bbe795f6	662633424	ab56a3ff2011ea50fc99818413bb978253a083ab	none	c3d124faa0ce39fd6255da79d8310ba27721e941b6b9b68a406030072921c69b	3e4720b20149239c9093e7f3e0cbb9df1585b20f237ee5eef5fd2f34c33c995e	18.816467360	1.611763494	0.000179723	0.102719256	0.587397282	1.989801875	1.290696511	0.000002326	142647820288	9599c4dbe5c41634245e19ae7df3d963e7a245532cb267c8c0bd63f388d2354c	true	cairo-circuit-leaf-70q-26pow-24interaction	ebc4d9adc71892150ad960596b1b328cead42b2d01294b3f07598d3256dabc6d	3	https://github.com/teddyjfpender/proving-service/blob/3e8cd9d/data/h200-ingress-212/final4-ab-results.jsonl#L3
four-distinct	3	baseline	0	15581148_15581148	272f0b1d79d89e999f83b8a34f01dbc3f7a500ecb815c189156bd3fb54e25e57	377015036	74466458521dc127ae0a26800da2d1c50868f4d6	pool-admission-only	e16bfe12ef6cccb3ee25ce4012c3a84c124f77ff8d9f7b1f1205a318205b6902	2311fea6bd8f47700c1f65e3d524e41f2cf01fd22cfe39da5312d62e11692e0c	22.561549488	3.345580414	1.182229013	0.792194247	0.519371252	1.367796533	0.000000000	0.000000000	142647820288	bd838f49262d96bcdcb57b17aac1e7ff409e742c0b6a450661163f479d7b6ff3	true	cairo-circuit-leaf-70q-26pow-24interaction	ebc4d9adc71892150ad960596b1b328cead42b2d01294b3f07598d3256dabc6d	4	https://github.com/teddyjfpender/proving-service/blob/3e8cd9d/data/h200-ingress-212/final4-ab-results.jsonl#L4
four-distinct	3	baseline	1	15582797_15582797	319b538ff50ad8e04735886a7844de300198194a4cc2128dcb57bc625ec4e4cb	408205744	74466458521dc127ae0a26800da2d1c50868f4d6	pool-admission-only	e16bfe12ef6cccb3ee25ce4012c3a84c124f77ff8d9f7b1f1205a318205b6902	2311fea6bd8f47700c1f65e3d524e41f2cf01fd22cfe39da5312d62e11692e0c	22.561549488	2.433675174	1.258699238	0.080269745	0.380988296	1.351781076	0.000000000	0.000000000	142647820288	ee758e90ccde7871f51420f8f50f70f6628a422242b9872ebebb9039a28a1118	true	cairo-circuit-leaf-70q-26pow-24interaction	ebc4d9adc71892150ad960596b1b328cead42b2d01294b3f07598d3256dabc6d	4	https://github.com/teddyjfpender/proving-service/blob/3e8cd9d/data/h200-ingress-212/final4-ab-results.jsonl#L4
four-distinct	3	baseline	2	15578440_15578449	ca950389462dd54acad8016df6861f0c324e246fc6c2acabec2a6fabf8db69d6	101602848	74466458521dc127ae0a26800da2d1c50868f4d6	pool-admission-only	e16bfe12ef6cccb3ee25ce4012c3a84c124f77ff8d9f7b1f1205a318205b6902	2311fea6bd8f47700c1f65e3d524e41f2cf01fd22cfe39da5312d62e11692e0c	22.561549488	1.337854353	0.461664927	0.039598133	0.121888100	0.420946634	0.000000000	0.000000000	142647820288	0c511192ce493322ce96414dbac0234fa826fc0582abcf00ae80b59e34a13667	true	cairo-circuit-leaf-70q-26pow-24interaction	ebc4d9adc71892150ad960596b1b328cead42b2d01294b3f07598d3256dabc6d	4	https://github.com/teddyjfpender/proving-service/blob/3e8cd9d/data/h200-ingress-212/final4-ab-results.jsonl#L4
four-distinct	3	baseline	3	15588777_15588780	1509610daab8281002aff83d052cf311d1753952d9f45cf92a3f6380bbe795f6	662633424	74466458521dc127ae0a26800da2d1c50868f4d6	pool-admission-only	e16bfe12ef6cccb3ee25ce4012c3a84c124f77ff8d9f7b1f1205a318205b6902	2311fea6bd8f47700c1f65e3d524e41f2cf01fd22cfe39da5312d62e11692e0c	22.561549488	3.388381507	1.887825666	0.087666175	0.592232737	1.991979309	0.000000000	0.000000000	142647820288	9599c4dbe5c41634245e19ae7df3d963e7a245532cb267c8c0bd63f388d2354c	true	cairo-circuit-leaf-70q-26pow-24interaction	ebc4d9adc71892150ad960596b1b328cead42b2d01294b3f07598d3256dabc6d	4	https://github.com/teddyjfpender/proving-service/blob/3e8cd9d/data/h200-ingress-212/final4-ab-results.jsonl#L4
