backend	case_id	target	input_size	source_commit	proof_duration_s	verify_s	execution_s	witness_s	proving_s	peak_physical_footprint_bytes	cycles	samples	warmups	output_match	proof_verified	metal_resident_dispatches_verified	release_status	result_class	suite_manifest_sha256	proof_sha256	report_sha256
cpu	sha256:128	sha256	128	068b467b71e0b35533409c63a5cc509aefdc9736	0.484165000	0.064379500	0.001224417	0.092581208	0.336053375	621855992	14056	1	0	true	true		experimental_full_width	host-qualified-non-comparable	efd864d8ea3022eb101fbe87e828c5b559a1672cb0a1c50af2582b7dce00a9af	f96b5c885ced6fed170401c1e86d03833bf1867e3d6e9931bfbcd218300d6a3c	c0705121e1404af08799f49e70d21d4aa8b96732748dc02a1fa6b9e04af2a154
cpu	sha256:256	sha256	256	068b467b71e0b35533409c63a5cc509aefdc9736	0.549150125	0.070072333	0.001790417	0.107094417	0.378298333	688801112	22832	1	0	true	true		experimental_full_width	host-qualified-non-comparable	efd864d8ea3022eb101fbe87e828c5b559a1672cb0a1c50af2582b7dce00a9af	870a409007de0c2931524b0206c94b891b6a37d0b1a1900f2189a7fc720f56e2	c0705121e1404af08799f49e70d21d4aa8b96732748dc02a1fa6b9e04af2a154
cpu	sha256:512	sha256	512	068b467b71e0b35533409c63a5cc509aefdc9736	0.717147959	0.079710167	0.002541084	0.138428458	0.506305209	1049937480	40384	1	0	true	true		experimental_full_width	host-qualified-non-comparable	efd864d8ea3022eb101fbe87e828c5b559a1672cb0a1c50af2582b7dce00a9af	f2cec0249275ce57494e8a205fda18423b18555130419abbff888d149fd1aaad	c0705121e1404af08799f49e70d21d4aa8b96732748dc02a1fa6b9e04af2a154
cpu	sha256:1024	sha256	1024	068b467b71e0b35533409c63a5cc509aefdc9736	0.875645291	0.093540833	0.004654125	0.197457750	0.590054000	1165510432	75488	1	0	true	true		experimental_full_width	host-qualified-non-comparable	efd864d8ea3022eb101fbe87e828c5b559a1672cb0a1c50af2582b7dce00a9af	7493895985c046770c95c9f3fac04128e304fe247a4c0a83235e5fd15e35dd27	c0705121e1404af08799f49e70d21d4aa8b96732748dc02a1fa6b9e04af2a154
cpu	sha256:2048	sha256	2048	068b467b71e0b35533409c63a5cc509aefdc9736	1.451327834	0.139999958	0.008127167	0.309749500	1.004936292	1868712120	145696	1	0	true	true		experimental_full_width	host-qualified-non-comparable	efd864d8ea3022eb101fbe87e828c5b559a1672cb0a1c50af2582b7dce00a9af	553ae293e84d789db2defcf4bf377813abd81cfd387a2f8845140d16caf7d394	c0705121e1404af08799f49e70d21d4aa8b96732748dc02a1fa6b9e04af2a154
cpu	keccak:128	keccak	128	068b467b71e0b35533409c63a5cc509aefdc9736	0.839287000	0.072161375	0.001627833	0.128920792	0.644443458	957105688	19114	1	0	true	true		experimental_full_width	host-qualified-non-comparable	efd864d8ea3022eb101fbe87e828c5b559a1672cb0a1c50af2582b7dce00a9af	f1803066a082a74ed949e758079102744ee0c98d093abf466e9bc488203af166	c0705121e1404af08799f49e70d21d4aa8b96732748dc02a1fa6b9e04af2a154
cpu	keccak:256	keccak	256	068b467b71e0b35533409c63a5cc509aefdc9736	0.846795375	0.077925166	0.002560500	0.148454500	0.624663083	1030342264	36904	1	0	true	true		experimental_full_width	host-qualified-non-comparable	efd864d8ea3022eb101fbe87e828c5b559a1672cb0a1c50af2582b7dce00a9af	b2b9ce905c2451622c998b6d7de171c295f8c7a69d86c217f472b61b68166bbe	c0705121e1404af08799f49e70d21d4aa8b96732748dc02a1fa6b9e04af2a154
cpu	keccak:512	keccak	512	068b467b71e0b35533409c63a5cc509aefdc9736	0.942680708	0.088279625	0.004391917	0.184173250	0.674430583	1129727680	72408	1	0	true	true		experimental_full_width	host-qualified-non-comparable	efd864d8ea3022eb101fbe87e828c5b559a1672cb0a1c50af2582b7dce00a9af	cdb7746ee034bfb4e95c620ff77bd59521683cddadb8bc22d6d0cfacc12a3f4b	c0705121e1404af08799f49e70d21d4aa8b96732748dc02a1fa6b9e04af2a154
cpu	keccak:1024	keccak	1024	068b467b71e0b35533409c63a5cc509aefdc9736	1.354803125	0.123860375	0.008675166	0.249028167	0.981089750	1896958184	143416	1	0	true	true		experimental_full_width	host-qualified-non-comparable	efd864d8ea3022eb101fbe87e828c5b559a1672cb0a1c50af2582b7dce00a9af	73f83d8181ae6f4c40f4ba539d785202f77d4a500c0db0625c1ea8f321b9b3e5	c0705121e1404af08799f49e70d21d4aa8b96732748dc02a1fa6b9e04af2a154
cpu	keccak:2048	keccak	2048	068b467b71e0b35533409c63a5cc509aefdc9736	1.641091333	0.160599875	0.015754125	0.360581375	1.118536958	2209352152	285456	1	0	true	true		experimental_full_width	host-qualified-non-comparable	efd864d8ea3022eb101fbe87e828c5b559a1672cb0a1c50af2582b7dce00a9af	3b202e46763a03758e1647663c17fa6a0111db95540c252304d35a43256d1fae	c0705121e1404af08799f49e70d21d4aa8b96732748dc02a1fa6b9e04af2a154
cpu	poseidon2_m31:2	poseidon2_m31	2	068b467b71e0b35533409c63a5cc509aefdc9736	0.816987042	0.048601959	0.004111667	0.062592625	0.707503375	594822320	82297	1	0	true	true		experimental_full_width	host-qualified-non-comparable	efd864d8ea3022eb101fbe87e828c5b559a1672cb0a1c50af2582b7dce00a9af	f00b69e3654ea64af310a516f98998380f7a7a4cc28a01a7aa1250a8acf69a3e	c0705121e1404af08799f49e70d21d4aa8b96732748dc02a1fa6b9e04af2a154
cpu	poseidon2_m31:4	poseidon2_m31	4	068b467b71e0b35533409c63a5cc509aefdc9736	0.863270417	0.049857667	0.008370334	0.070446375	0.741125792	720667992	164403	1	0	true	true		experimental_full_width	host-qualified-non-comparable	efd864d8ea3022eb101fbe87e828c5b559a1672cb0a1c50af2582b7dce00a9af	ae6b121c079926d379f9df8143e707488eebbed43e2d0d7de0902733be45d6dd	c0705121e1404af08799f49e70d21d4aa8b96732748dc02a1fa6b9e04af2a154
cpu	poseidon2_m31:8	poseidon2_m31	8	068b467b71e0b35533409c63a5cc509aefdc9736	0.894395209	0.049985208	0.016248792	0.078847750	0.755855125	1036994072	328615	1	0	true	true		experimental_full_width	host-qualified-non-comparable	efd864d8ea3022eb101fbe87e828c5b559a1672cb0a1c50af2582b7dce00a9af	66cda087d76d794a1611cc2ac5077af8290a5d4a88a2952f25e5699468e12110	c0705121e1404af08799f49e70d21d4aa8b96732748dc02a1fa6b9e04af2a154
cpu	poseidon2_m31:12	poseidon2_m31	12	068b467b71e0b35533409c63a5cc509aefdc9736	1.054288666	0.051521083	0.023828000	0.087248500	0.899643875	1175914104	492827	1	0	true	true		experimental_full_width	host-qualified-non-comparable	efd864d8ea3022eb101fbe87e828c5b559a1672cb0a1c50af2582b7dce00a9af	367d282580fa9a43e11de6b3aa96544e53b468517062c9f8163c5ab788ac3a1b	c0705121e1404af08799f49e70d21d4aa8b96732748dc02a1fa6b9e04af2a154
cpu	poseidon2_m31:16	poseidon2_m31	16	068b467b71e0b35533409c63a5cc509aefdc9736	1.119913708	0.055117750	0.029664667	0.096654625	0.947905166	1434715984	657039	1	0	true	true		experimental_full_width	host-qualified-non-comparable	efd864d8ea3022eb101fbe87e828c5b559a1672cb0a1c50af2582b7dce00a9af	4f8737b741baa2cb2d9e194af3fc7bbc4186a650d20e032fc731a912f1f148be	c0705121e1404af08799f49e70d21d4aa8b96732748dc02a1fa6b9e04af2a154
cpu	ecdsa_secp256k1:32	ecdsa_secp256k1	32	068b467b71e0b35533409c63a5cc509aefdc9736	0.633186958	0.070653625	0.000536208	0.052408917	0.536560708	510968936	1828	1	0	true	true		experimental_full_width	host-qualified-non-comparable	efd864d8ea3022eb101fbe87e828c5b559a1672cb0a1c50af2582b7dce00a9af	cd364e0420d76f14a3d5075990e4caa473c6a290f6b60229839171f5be6f752d	c0705121e1404af08799f49e70d21d4aa8b96732748dc02a1fa6b9e04af2a154
metal	sha256:128	sha256	128	068b467b71e0b35533409c63a5cc509aefdc9736	0.474130166	0.069167584	0.001285625	0.097026083	0.315372791	1325172416	14056	1	0	true	true	false	experimental_full_width	host-qualified-non-comparable	efd864d8ea3022eb101fbe87e828c5b559a1672cb0a1c50af2582b7dce00a9af	f96b5c885ced6fed170401c1e86d03833bf1867e3d6e9931bfbcd218300d6a3c	71df944f2f7472e56594ce16de02421c8fb1af447597c1f5200c59e622699b82
metal	sha256:256	sha256	256	068b467b71e0b35533409c63a5cc509aefdc9736	0.506586459	0.075394792	0.001761375	0.111512250	0.332534709	1364920000	22832	1	0	true	true	false	experimental_full_width	host-qualified-non-comparable	efd864d8ea3022eb101fbe87e828c5b559a1672cb0a1c50af2582b7dce00a9af	870a409007de0c2931524b0206c94b891b6a37d0b1a1900f2189a7fc720f56e2	71df944f2f7472e56594ce16de02421c8fb1af447597c1f5200c59e622699b82
metal	sha256:512	sha256	512	068b467b71e0b35533409c63a5cc509aefdc9736	0.686526500	0.086722333	0.002729625	0.144334333	0.464520292	1774520216	40384	1	0	true	true	false	experimental_full_width	host-qualified-non-comparable	efd864d8ea3022eb101fbe87e828c5b559a1672cb0a1c50af2582b7dce00a9af	f2cec0249275ce57494e8a205fda18423b18555130419abbff888d149fd1aaad	71df944f2f7472e56594ce16de02421c8fb1af447597c1f5200c59e622699b82
metal	sha256:1024	sha256	1024	068b467b71e0b35533409c63a5cc509aefdc9736	0.813515042	0.100427792	0.004612125	0.198627500	0.520256000	1928644672	75488	1	0	true	true	false	experimental_full_width	host-qualified-non-comparable	efd864d8ea3022eb101fbe87e828c5b559a1672cb0a1c50af2582b7dce00a9af	7493895985c046770c95c9f3fac04128e304fe247a4c0a83235e5fd15e35dd27	71df944f2f7472e56594ce16de02421c8fb1af447597c1f5200c59e622699b82
metal	sha256:2048	sha256	2048	068b467b71e0b35533409c63a5cc509aefdc9736	1.342682542	0.152009209	0.008165583	0.306306959	0.889571042	3061271048	145696	1	0	true	true	false	experimental_full_width	host-qualified-non-comparable	efd864d8ea3022eb101fbe87e828c5b559a1672cb0a1c50af2582b7dce00a9af	553ae293e84d789db2defcf4bf377813abd81cfd387a2f8845140d16caf7d394	71df944f2f7472e56594ce16de02421c8fb1af447597c1f5200c59e622699b82
metal	keccak:128	keccak	128	068b467b71e0b35533409c63a5cc509aefdc9736	0.674085041	0.075739791	0.001655083	0.136251292	0.465080875	1714505672	19114	1	0	true	true	false	experimental_full_width	host-qualified-non-comparable	efd864d8ea3022eb101fbe87e828c5b559a1672cb0a1c50af2582b7dce00a9af	f1803066a082a74ed949e758079102744ee0c98d093abf466e9bc488203af166	71df944f2f7472e56594ce16de02421c8fb1af447597c1f5200c59e622699b82
metal	keccak:256	keccak	256	068b467b71e0b35533409c63a5cc509aefdc9736	0.691704500	0.086025042	0.002609667	0.148236083	0.468825125	1748256688	36904	1	0	true	true	false	experimental_full_width	host-qualified-non-comparable	efd864d8ea3022eb101fbe87e828c5b559a1672cb0a1c50af2582b7dce00a9af	b2b9ce905c2451622c998b6d7de171c295f8c7a69d86c217f472b61b68166bbe	71df944f2f7472e56594ce16de02421c8fb1af447597c1f5200c59e622699b82
metal	keccak:512	keccak	512	068b467b71e0b35533409c63a5cc509aefdc9736	0.795473625	0.093920917	0.004578167	0.187969083	0.517300416	1884964880	72408	1	0	true	true	false	experimental_full_width	host-qualified-non-comparable	efd864d8ea3022eb101fbe87e828c5b559a1672cb0a1c50af2582b7dce00a9af	cdb7746ee034bfb4e95c620ff77bd59521683cddadb8bc22d6d0cfacc12a3f4b	71df944f2f7472e56594ce16de02421c8fb1af447597c1f5200c59e622699b82
metal	keccak:1024	keccak	1024	068b467b71e0b35533409c63a5cc509aefdc9736	1.245153042	0.134171834	0.008952959	0.258171875	0.855319750	3057027568	143416	1	0	true	true	false	experimental_full_width	host-qualified-non-comparable	efd864d8ea3022eb101fbe87e828c5b559a1672cb0a1c50af2582b7dce00a9af	73f83d8181ae6f4c40f4ba539d785202f77d4a500c0db0625c1ea8f321b9b3e5	71df944f2f7472e56594ce16de02421c8fb1af447597c1f5200c59e622699b82
metal	keccak:2048	keccak	2048	068b467b71e0b35533409c63a5cc509aefdc9736	1.594576500	0.167506583	0.016392750	0.364853625	1.059017625	3485830048	285456	1	0	true	true	false	experimental_full_width	host-qualified-non-comparable	efd864d8ea3022eb101fbe87e828c5b559a1672cb0a1c50af2582b7dce00a9af	3b202e46763a03758e1647663c17fa6a0111db95540c252304d35a43256d1fae	71df944f2f7472e56594ce16de02421c8fb1af447597c1f5200c59e622699b82
metal	poseidon2_m31:2	poseidon2_m31	2	068b467b71e0b35533409c63a5cc509aefdc9736	0.608905375	0.055302500	0.004331667	0.063364333	0.493770542	1250674272	82297	1	0	true	true	false	experimental_full_width	host-qualified-non-comparable	efd864d8ea3022eb101fbe87e828c5b559a1672cb0a1c50af2582b7dce00a9af	f00b69e3654ea64af310a516f98998380f7a7a4cc28a01a7aa1250a8acf69a3e	71df944f2f7472e56594ce16de02421c8fb1af447597c1f5200c59e622699b82
metal	poseidon2_m31:4	poseidon2_m31	4	068b467b71e0b35533409c63a5cc509aefdc9736	0.683113333	0.053671208	0.008709208	0.071835792	0.554310583	1409025752	164403	1	0	true	true	false	experimental_full_width	host-qualified-non-comparable	efd864d8ea3022eb101fbe87e828c5b559a1672cb0a1c50af2582b7dce00a9af	ae6b121c079926d379f9df8143e707488eebbed43e2d0d7de0902733be45d6dd	71df944f2f7472e56594ce16de02421c8fb1af447597c1f5200c59e622699b82
metal	poseidon2_m31:8	poseidon2_m31	8	068b467b71e0b35533409c63a5cc509aefdc9736	0.884428583	0.055880708	0.016550917	0.085377666	0.732061541	1790674888	328615	1	0	true	true	false	experimental_full_width	host-qualified-non-comparable	efd864d8ea3022eb101fbe87e828c5b559a1672cb0a1c50af2582b7dce00a9af	66cda087d76d794a1611cc2ac5077af8290a5d4a88a2952f25e5699468e12110	71df944f2f7472e56594ce16de02421c8fb1af447597c1f5200c59e622699b82
metal	poseidon2_m31:12	poseidon2_m31	12	068b467b71e0b35533409c63a5cc509aefdc9736	0.974220417	0.054632291	0.023833042	0.090246542	0.812112958	1961838752	492827	1	0	true	true	false	experimental_full_width	host-qualified-non-comparable	efd864d8ea3022eb101fbe87e828c5b559a1672cb0a1c50af2582b7dce00a9af	367d282580fa9a43e11de6b3aa96544e53b468517062c9f8163c5ab788ac3a1b	71df944f2f7472e56594ce16de02421c8fb1af447597c1f5200c59e622699b82
metal	poseidon2_m31:16	poseidon2_m31	16	068b467b71e0b35533409c63a5cc509aefdc9736	1.121143041	0.059246667	0.030861458	0.097813292	0.940059166	2276133192	657039	1	0	true	true	false	experimental_full_width	host-qualified-non-comparable	efd864d8ea3022eb101fbe87e828c5b559a1672cb0a1c50af2582b7dce00a9af	4f8737b741baa2cb2d9e194af3fc7bbc4186a650d20e032fc731a912f1f148be	71df944f2f7472e56594ce16de02421c8fb1af447597c1f5200c59e622699b82
metal	ecdsa_secp256k1:32	ecdsa_secp256k1	32	068b467b71e0b35533409c63a5cc509aefdc9736	0.775425334	0.074885166	0.000476750	0.052166417	0.671512625	1173603864	1828	1	0	true	true	false	experimental_full_width	host-qualified-non-comparable	efd864d8ea3022eb101fbe87e828c5b559a1672cb0a1c50af2582b7dce00a9af	cd364e0420d76f14a3d5075990e4caa473c6a290f6b60229839171f5be6f752d	71df944f2f7472e56594ce16de02421c8fb1af447597c1f5200c59e622699b82
