backend	case_id	family	source_commit	pr_number	head_sha	patch_sha256	baseline_proof_s	candidate_proof_s	baseline_command_s	candidate_command_s	proof_speedup	reported_reference_match	samples_per_arm	qualification	source_note
metal	pie:15582797_15582797	pie	1433d61b590058980d02b3f5bc912fe073c1a646	22	3d584b2206d403e4edb560347be756bd3995d831	c6b168868ceda71cfb12959698f7a32ad67e8fb9208eb8d2001e73d37faa5bf7	42.544292250	35.855	43.941125625	36.653	1.186565	true	1	author-reported-direct-unranked	candidate/NOTES.md at PR 22 head; no independent rerun
metal	pie:15603744_15603744	pie	1433d61b590058980d02b3f5bc912fe073c1a646	22	3d584b2206d403e4edb560347be756bd3995d831	c6b168868ceda71cfb12959698f7a32ad67e8fb9208eb8d2001e73d37faa5bf7	41.532997250	35.384	41.905393500	36.142	1.173779	true	1	author-reported-direct-unranked	candidate/NOTES.md at PR 22 head; no independent rerun
metal	pie:15581148_15581148	pie	1433d61b590058980d02b3f5bc912fe073c1a646	22	3d584b2206d403e4edb560347be756bd3995d831	c6b168868ceda71cfb12959698f7a32ad67e8fb9208eb8d2001e73d37faa5bf7	38.209442125	33.036	38.864485667	33.625	1.156600	true	1	author-reported-direct-unranked	candidate/NOTES.md at PR 22 head; no independent rerun
metal	pie:15590913_15590913	pie	1433d61b590058980d02b3f5bc912fe073c1a646	22	3d584b2206d403e4edb560347be756bd3995d831	c6b168868ceda71cfb12959698f7a32ad67e8fb9208eb8d2001e73d37faa5bf7	137.762697042	137.467	138.231945625	137.883	1.002151	true	1	author-reported-direct-unranked	candidate/NOTES.md at PR 22 head; no independent rerun
metal	pie:15588777_15588780	pie	1433d61b590058980d02b3f5bc912fe073c1a646	22	3d584b2206d403e4edb560347be756bd3995d831	c6b168868ceda71cfb12959698f7a32ad67e8fb9208eb8d2001e73d37faa5bf7	245.815916875	226.890	246.684482000	227.597	1.083415	true	1	author-reported-direct-unranked	candidate/NOTES.md at PR 22 head; no independent rerun
metal	pie:15591789_15591789	pie	1433d61b590058980d02b3f5bc912fe073c1a646	22	3d584b2206d403e4edb560347be756bd3995d831	c6b168868ceda71cfb12959698f7a32ad67e8fb9208eb8d2001e73d37faa5bf7	155.392444666	153.974	155.950977750	154.720	1.009212	true	1	author-reported-direct-unranked	candidate/NOTES.md at PR 22 head; no independent rerun
metal	recursion:two-leaf-wrap-fold	recursion	1433d61b590058980d02b3f5bc912fe073c1a646	22	3d584b2206d403e4edb560347be756bd3995d831	c6b168868ceda71cfb12959698f7a32ad67e8fb9208eb8d2001e73d37faa5bf7	10.412300917	4.181	12.611166500	6.625	2.490385	true	1	author-reported-direct-unranked	candidate/NOTES.md at PR 22 head; no independent rerun
metal	recursion:eight-distinct-pie-fold	recursion	1433d61b590058980d02b3f5bc912fe073c1a646	22	3d584b2206d403e4edb560347be756bd3995d831	c6b168868ceda71cfb12959698f7a32ad67e8fb9208eb8d2001e73d37faa5bf7	73.564562916	29.310	78.563721167	34.123	2.509879	true	1	author-reported-direct-unranked	candidate/NOTES.md at PR 22 head; no independent rerun
metal	pipeline:two-leaf-root	pipeline	1433d61b590058980d02b3f5bc912fe073c1a646	22	3d584b2206d403e4edb560347be756bd3995d831	c6b168868ceda71cfb12959698f7a32ad67e8fb9208eb8d2001e73d37faa5bf7	71.350135251	55.653	77.285794666	62.111	1.282054	true	1	author-reported-direct-unranked	candidate/NOTES.md at PR 22 head; no independent rerun
