pr_number	head_sha	patch_sha256	evidence_sha256	case_id	family	qualification	samples_per_arm	time_scope	proof_scope	baseline_command_s	candidate_command_s	median_paired_command_ratio	baseline_proof_s	candidate_proof_s	baseline_ingress_s	candidate_ingress_s	baseline_peak_gib_rounded	candidate_peak_gib_rounded
4	36e89495817ccefbedbd5d294137351c90456be7	79b6f902d6d106bf938042ea5153923b575b86e47607cdc22e5059e505756b79	4fefc0b18fc7d3be1824c53070d8b9f20c8a223fe6a6aa25c3d649596c0bb148	pie:15582797_15582797	pie	direct-unranked-unsandboxed	6	external_command	cairo_execute_finish	7.549691235	7.624316915	1.009847143	1.283471455	1.281868172	5.615686826	5.741388300	84.770	84.257
4	36e89495817ccefbedbd5d294137351c90456be7	79b6f902d6d106bf938042ea5153923b575b86e47607cdc22e5059e505756b79	4fefc0b18fc7d3be1824c53070d8b9f20c8a223fe6a6aa25c3d649596c0bb148	pie:15603744_15603744	pie	direct-unranked-unsandboxed	6	external_command	cairo_execute_finish	7.676904058	7.849466850	1.019636047	1.233457686	1.232427530	5.808447834	5.973225138	83.538	83.538
4	36e89495817ccefbedbd5d294137351c90456be7	79b6f902d6d106bf938042ea5153923b575b86e47607cdc22e5059e505756b79	4fefc0b18fc7d3be1824c53070d8b9f20c8a223fe6a6aa25c3d649596c0bb148	pie:15581148_15581148	pie	direct-unranked-unsandboxed	6	external_command	cairo_execute_finish	7.200353916	7.348691491	1.024188261	1.182320485	1.181835200	5.403252273	5.572278180	78.726	78.726
4	36e89495817ccefbedbd5d294137351c90456be7	79b6f902d6d106bf938042ea5153923b575b86e47607cdc22e5059e505756b79	4fefc0b18fc7d3be1824c53070d8b9f20c8a223fe6a6aa25c3d649596c0bb148	pie:15590913_15590913	pie	direct-unranked-unsandboxed	6	external_command	cairo_execute_finish	8.175448988	8.424783242	1.030497928	1.556497749	1.557049124	5.951483203	6.121856703	97.976	97.976
4	36e89495817ccefbedbd5d294137351c90456be7	79b6f902d6d106bf938042ea5153923b575b86e47607cdc22e5059e505756b79	4fefc0b18fc7d3be1824c53070d8b9f20c8a223fe6a6aa25c3d649596c0bb148	pie:15588777_15588780	pie	direct-unranked-unsandboxed	6	external_command	cairo_execute_finish	9.652706311	9.977655931	1.023281601	1.957816044	1.959167057	6.964699829	7.232092021	124.851	124.851
4	36e89495817ccefbedbd5d294137351c90456be7	79b6f902d6d106bf938042ea5153923b575b86e47607cdc22e5059e505756b79	4fefc0b18fc7d3be1824c53070d8b9f20c8a223fe6a6aa25c3d649596c0bb148	pie:15591789_15591789	pie	direct-unranked-unsandboxed	6	external_command	cairo_execute_finish	8.375234497	8.500368101	1.017844663	1.687183349	1.684036532	5.985463302	6.152881889	108.257	108.257
4	36e89495817ccefbedbd5d294137351c90456be7	79b6f902d6d106bf938042ea5153923b575b86e47607cdc22e5059e505756b79	4fefc0b18fc7d3be1824c53070d8b9f20c8a223fe6a6aa25c3d649596c0bb148	recursion:two-leaf-wrap-fold	recursion	direct-unranked-unsandboxed	6	external_command		2.743650355	2.718210753	0.973150438					27.386	27.386
4	36e89495817ccefbedbd5d294137351c90456be7	79b6f902d6d106bf938042ea5153923b575b86e47607cdc22e5059e505756b79	4fefc0b18fc7d3be1824c53070d8b9f20c8a223fe6a6aa25c3d649596c0bb148	recursion:eight-distinct-pie-fold	recursion	direct-unranked-unsandboxed	6	external_command		8.275765384	8.325054015	1.014981279					27.386	27.386
4	36e89495817ccefbedbd5d294137351c90456be7	79b6f902d6d106bf938042ea5153923b575b86e47607cdc22e5059e505756b79	4fefc0b18fc7d3be1824c53070d8b9f20c8a223fe6a6aa25c3d649596c0bb148	pipeline:two-leaf-root	pipeline	direct-unranked-unsandboxed	6	external_command		17.735318037	17.786041995	1.002860053					64.665	64.665
4	36e89495817ccefbedbd5d294137351c90456be7	79b6f902d6d106bf938042ea5153923b575b86e47607cdc22e5059e505756b79	4fefc0b18fc7d3be1824c53070d8b9f20c8a223fe6a6aa25c3d649596c0bb148	pipeline:two-leaf-batch-integrated	pipeline	direct-unranked-unsandboxed	6	external_command		14.532325996	14.532219176	0.998311592					38.444	38.444
3	dbbf83896d9b7b6148ef9a4faad92865837e307d	517749b426f93205879e9884df259079235772301bbc432bca7e832e187029e5	c0feb8a4f9c46b28708310a9d548b34952d58e32140026ca1055138b4dda9cb2	pie:15581148_15581148	pie	direct-unranked-unsandboxed	2	external_command	cairo_execute_finish	7.776741674	7.954969741		1.171514388	1.180244700	5.837757754	6.093741627	78.738	78.738
3	dbbf83896d9b7b6148ef9a4faad92865837e307d	517749b426f93205879e9884df259079235772301bbc432bca7e832e187029e5	c0feb8a4f9c46b28708310a9d548b34952d58e32140026ca1055138b4dda9cb2	pie:15582797_15582797	pie	direct-unranked-unsandboxed	2	external_command	cairo_execute_finish	8.353034538	8.153112651		1.282053698	1.386848757	6.437765357	6.007653166	84.269	84.269
3	dbbf83896d9b7b6148ef9a4faad92865837e307d	517749b426f93205879e9884df259079235772301bbc432bca7e832e187029e5	c0feb8a4f9c46b28708310a9d548b34952d58e32140026ca1055138b4dda9cb2	pie:15588777_15588780	pie	direct-unranked-unsandboxed	2	external_command	cairo_execute_finish	10.005349201	9.306009148		1.948899950	1.952727303	7.334481067	6.619116584	124.863	124.863
3	dbbf83896d9b7b6148ef9a4faad92865837e307d	517749b426f93205879e9884df259079235772301bbc432bca7e832e187029e5	c0feb8a4f9c46b28708310a9d548b34952d58e32140026ca1055138b4dda9cb2	pie:15590913_15590913	pie	direct-unranked-unsandboxed	2	external_command	cairo_execute_finish	8.353350149	7.852409900		1.545809327	1.545881770	6.206849367	5.710627350	97.988	97.988
3	dbbf83896d9b7b6148ef9a4faad92865837e307d	517749b426f93205879e9884df259079235772301bbc432bca7e832e187029e5	c0feb8a4f9c46b28708310a9d548b34952d58e32140026ca1055138b4dda9cb2	pie:15591789_15591789	pie	direct-unranked-unsandboxed	2	external_command	cairo_execute_finish	9.128306945	8.853512298		1.673956712	1.671568988	6.792746601	6.563499526	108.269	108.269
3	dbbf83896d9b7b6148ef9a4faad92865837e307d	517749b426f93205879e9884df259079235772301bbc432bca7e832e187029e5	c0feb8a4f9c46b28708310a9d548b34952d58e32140026ca1055138b4dda9cb2	pie:15603744_15603744	pie	direct-unranked-unsandboxed	2	external_command	cairo_execute_finish	7.400839887	7.776653503		1.216519856	1.217199302	5.649447079	5.936924730	83.551	83.551
3	dbbf83896d9b7b6148ef9a4faad92865837e307d	517749b426f93205879e9884df259079235772301bbc432bca7e832e187029e5	c0feb8a4f9c46b28708310a9d548b34952d58e32140026ca1055138b4dda9cb2	pipeline:two-leaf-batch-integrated	pipeline	direct-unranked-unsandboxed	1	external_command		14.737483465	14.887261367						38.457	38.457
3	dbbf83896d9b7b6148ef9a4faad92865837e307d	517749b426f93205879e9884df259079235772301bbc432bca7e832e187029e5	c0feb8a4f9c46b28708310a9d548b34952d58e32140026ca1055138b4dda9cb2	pipeline:two-leaf-root	pipeline	direct-unranked-unsandboxed	1	external_command		18.895673605	19.271375496						64.678	64.678
6	d2c86880a68afbd20b4c4699773aaa8f8357f677	4815583a5d09c9d3c79dfc4449b21d4c00af1798eaa445666fe6c174497330e1	c0feb8a4f9c46b28708310a9d548b34952d58e32140026ca1055138b4dda9cb2	pie:15581148_15581148	pie	direct-unranked-unsandboxed	6	external_command	cairo_execute_finish	8.126900108	6.326561827	0.773149556	1.184038167	1.184040496	6.323384778	4.479575557	78.738	78.738
6	d2c86880a68afbd20b4c4699773aaa8f8357f677	4815583a5d09c9d3c79dfc4449b21d4c00af1798eaa445666fe6c174497330e1	c0feb8a4f9c46b28708310a9d548b34952d58e32140026ca1055138b4dda9cb2	pie:15582797_15582797	pie	direct-unranked-unsandboxed	6	external_command	cairo_execute_finish	8.127498252	6.525503744	0.798511108	1.293980166	1.294296190	6.135065887	4.472191783	84.785	84.269
6	d2c86880a68afbd20b4c4699773aaa8f8357f677	4815583a5d09c9d3c79dfc4449b21d4c00af1798eaa445666fe6c174497330e1	c0feb8a4f9c46b28708310a9d548b34952d58e32140026ca1055138b4dda9cb2	pie:15588777_15588780	pie	direct-unranked-unsandboxed	6	external_command	cairo_execute_finish	10.054584939	8.278274098	0.818918125	1.949726067	1.953393061	7.371409017	5.499370354	124.863	124.863
6	d2c86880a68afbd20b4c4699773aaa8f8357f677	4815583a5d09c9d3c79dfc4449b21d4c00af1798eaa445666fe6c174497330e1	c0feb8a4f9c46b28708310a9d548b34952d58e32140026ca1055138b4dda9cb2	pie:15590913_15590913	pie	direct-unranked-unsandboxed	6	external_command	cairo_execute_finish	8.503015206	6.775656602	0.781699034	1.551988812	1.559816682	6.333150287	4.533605600	97.988	97.988
6	d2c86880a68afbd20b4c4699773aaa8f8357f677	4815583a5d09c9d3c79dfc4449b21d4c00af1798eaa445666fe6c174497330e1	c0feb8a4f9c46b28708310a9d548b34952d58e32140026ca1055138b4dda9cb2	pie:15591789_15591789	pie	direct-unranked-unsandboxed	6	external_command	cairo_execute_finish	8.578344007	7.176479847	0.844001888	1.672244661	1.695132954	6.291958351	4.723931204	108.269	108.269
6	d2c86880a68afbd20b4c4699773aaa8f8357f677	4815583a5d09c9d3c79dfc4449b21d4c00af1798eaa445666fe6c174497330e1	c0feb8a4f9c46b28708310a9d548b34952d58e32140026ca1055138b4dda9cb2	pie:15603744_15603744	pie	direct-unranked-unsandboxed	6	external_command	cairo_execute_finish	8.352458320	6.374865551	0.773804962	1.241378812	1.242724950	6.503660531	4.481366830	83.551	83.551
6	d2c86880a68afbd20b4c4699773aaa8f8357f677	4815583a5d09c9d3c79dfc4449b21d4c00af1798eaa445666fe6c174497330e1	c0feb8a4f9c46b28708310a9d548b34952d58e32140026ca1055138b4dda9cb2	pipeline:two-leaf-batch-integrated	pipeline	direct-unranked-unsandboxed	6	external_command		14.261144645	15.412502626	1.043892735					38.457	38.457
6	d2c86880a68afbd20b4c4699773aaa8f8357f677	4815583a5d09c9d3c79dfc4449b21d4c00af1798eaa445666fe6c174497330e1	c0feb8a4f9c46b28708310a9d548b34952d58e32140026ca1055138b4dda9cb2	pipeline:two-leaf-root	pipeline	direct-unranked-unsandboxed	6	external_command		18.593234112	19.092750512	1.003477712					64.678	64.678
6	d2c86880a68afbd20b4c4699773aaa8f8357f677	4815583a5d09c9d3c79dfc4449b21d4c00af1798eaa445666fe6c174497330e1	c0feb8a4f9c46b28708310a9d548b34952d58e32140026ca1055138b4dda9cb2	recursion:eight-distinct-pie-fold	recursion	direct-unranked-unsandboxed	6	external_command		9.229267768	8.677718316	0.974583602					27.398	27.398
6	d2c86880a68afbd20b4c4699773aaa8f8357f677	4815583a5d09c9d3c79dfc4449b21d4c00af1798eaa445666fe6c174497330e1	c0feb8a4f9c46b28708310a9d548b34952d58e32140026ca1055138b4dda9cb2	recursion:two-leaf-wrap-fold	recursion	direct-unranked-unsandboxed	6	external_command		2.945049618	2.906344650	0.995340597					27.398	27.398
17	63aecaf7a4f9c918176cca51ef9799d2a7dbc466	4caa691e3a215c8300a725b0f7ff6d5357a3e760b2a8f4dfb0441894e43a283e	dc18106cb6be90fd954eed3cf06270ea82b7197a50ddf8d539c7f81d5e858220	pie:15582797_15582797	pie	direct-unranked-unsandboxed	3	external_command	cairo_execute_finish	10.049919774	7.090527134	0.708938317	1.320199329	1.279289353	7.824804676	4.721199006	84.257	84.257
17	63aecaf7a4f9c918176cca51ef9799d2a7dbc466	4caa691e3a215c8300a725b0f7ff6d5357a3e760b2a8f4dfb0441894e43a283e	dc18106cb6be90fd954eed3cf06270ea82b7197a50ddf8d539c7f81d5e858220	pie:15603744_15603744	pie	direct-unranked-unsandboxed	3	external_command	cairo_execute_finish	10.050812314	7.291583033	0.716877537	1.273251244	1.243510570	7.906937847	4.829013051	83.539	83.539
17	63aecaf7a4f9c918176cca51ef9799d2a7dbc466	4caa691e3a215c8300a725b0f7ff6d5357a3e760b2a8f4dfb0441894e43a283e	dc18106cb6be90fd954eed3cf06270ea82b7197a50ddf8d539c7f81d5e858220	pie:15581148_15581148	pie	direct-unranked-unsandboxed	3	external_command	cairo_execute_finish	9.850092397	6.991046010	0.709744206	1.230616173	1.184483620	7.712717810	4.726602122	78.726	78.726
17	63aecaf7a4f9c918176cca51ef9799d2a7dbc466	4caa691e3a215c8300a725b0f7ff6d5357a3e760b2a8f4dfb0441894e43a283e	dc18106cb6be90fd954eed3cf06270ea82b7197a50ddf8d539c7f81d5e858220	pie:15590913_15590913	pie	direct-unranked-unsandboxed	3	external_command	cairo_execute_finish	10.651222793	7.591359939	0.710547707	1.598028357	1.555029372	8.027304798	4.811417705	97.976	97.976
17	63aecaf7a4f9c918176cca51ef9799d2a7dbc466	4caa691e3a215c8300a725b0f7ff6d5357a3e760b2a8f4dfb0441894e43a283e	dc18106cb6be90fd954eed3cf06270ea82b7197a50ddf8d539c7f81d5e858220	pie:15588777_15588780	pie	direct-unranked-unsandboxed	3	external_command	cairo_execute_finish	12.508632434	9.245841182	0.733867011	1.997163533	1.928758471	9.388791730	5.980973061	124.851	124.851
17	63aecaf7a4f9c918176cca51ef9799d2a7dbc466	4caa691e3a215c8300a725b0f7ff6d5357a3e760b2a8f4dfb0441894e43a283e	dc18106cb6be90fd954eed3cf06270ea82b7197a50ddf8d539c7f81d5e858220	pie:15591789_15591789	pie	direct-unranked-unsandboxed	3	external_command	cairo_execute_finish	10.903956973	7.845379107	0.714691561	1.725031816	1.688013349	8.192186599	4.974564219	108.257	108.257
17	63aecaf7a4f9c918176cca51ef9799d2a7dbc466	4caa691e3a215c8300a725b0f7ff6d5357a3e760b2a8f4dfb0441894e43a283e	dc18106cb6be90fd954eed3cf06270ea82b7197a50ddf8d539c7f81d5e858220	recursion:two-leaf-wrap-fold	recursion	direct-unranked-unsandboxed	3	external_command	circuit_resident	3.529888316	3.437647800	0.985264271	0.709164517	0.691090047			27.386	27.386
17	63aecaf7a4f9c918176cca51ef9799d2a7dbc466	4caa691e3a215c8300a725b0f7ff6d5357a3e760b2a8f4dfb0441894e43a283e	dc18106cb6be90fd954eed3cf06270ea82b7197a50ddf8d539c7f81d5e858220	recursion:eight-distinct-pie-fold	recursion	direct-unranked-unsandboxed	3	external_command	circuit_resident	10.801859993	9.446888783	0.874561306	4.265344606	3.145568722			27.386	27.386
17	63aecaf7a4f9c918176cca51ef9799d2a7dbc466	4caa691e3a215c8300a725b0f7ff6d5357a3e760b2a8f4dfb0441894e43a283e	dc18106cb6be90fd954eed3cf06270ea82b7197a50ddf8d539c7f81d5e858220	pipeline:two-leaf-root	pipeline	direct-unranked-unsandboxed	3	external_command	circuit_resident	24.743213637	21.733604968	0.881343037	2.198032904	2.121168621	11.601687149	8.428097060	64.666	64.666
17	63aecaf7a4f9c918176cca51ef9799d2a7dbc466	4caa691e3a215c8300a725b0f7ff6d5357a3e760b2a8f4dfb0441894e43a283e	dc18106cb6be90fd954eed3cf06270ea82b7197a50ddf8d539c7f81d5e858220	pipeline:two-leaf-batch-integrated	pipeline	direct-unranked-unsandboxed	3	external_command	circuit_resident	20.329762584	15.568932551	0.773487212	1.695162701	1.680694525	10.230088535	5.337422983	38.445	40.445
