pr_number	round	case_id	family	arm	position	pattern	process_s	ingress_s	source_s	static_s	proof_s	leaf_ingress_sum_s	leaf_proof_sum_s	peak_device_bytes	planned_arena_bytes	proof_sha256	verified	canonical_output	gpu_resident	security_profile	qualification
3	0	pie:15581148_15581148	pie	A	0	ABBA	7.326253245	5.619101493	1.572992111	2.455186494	1.16915788			84544454656	82697758816	fd4f9c27bad18a2c7f089b8af5eb7c8e3a3db1c7aeb3d38f3ad5b142f6061b3c	true	True	true	canonical	direct-unranked-unsandboxed
3	0	pie:15581148_15581148	pie	B	1	ABBA	8.084179578	6.177775679	1.570932788	3.089195023	1.192677437			84544454656	82697758816	fd4f9c27bad18a2c7f089b8af5eb7c8e3a3db1c7aeb3d38f3ad5b142f6061b3c	true	True	true	canonical	direct-unranked-unsandboxed
3	0	pie:15581148_15581148	pie	B	2	ABBA	7.825759903	6.009707575	1.575946847	2.987825611	1.167811963			84544454656	82697758816	fd4f9c27bad18a2c7f089b8af5eb7c8e3a3db1c7aeb3d38f3ad5b142f6061b3c	true	True	true	canonical	direct-unranked-unsandboxed
3	0	pie:15581148_15581148	pie	A	3	ABBA	8.227230102	6.056414015	1.570412408	3.05374436	1.173870895			84544454656	82697758816	fd4f9c27bad18a2c7f089b8af5eb7c8e3a3db1c7aeb3d38f3ad5b142f6061b3c	true	True	true	canonical	direct-unranked-unsandboxed
3	0	pie:15582797_15582797	pie	A	0	ABBA	8.276952366	6.358803988	1.709909587	3.110958906	1.293620107			90483589120	88627473376	fcc457fee3bcaca85efd97d308daa1a16e849c633b4571144417543158eb1eeb	true	True	true	canonical	direct-unranked-unsandboxed
3	0	pie:15582797_15582797	pie	B	1	ABBA	7.926784225	5.569063178	1.727024721	2.326319898	1.501506446			90483589120	88627473376	fcc457fee3bcaca85efd97d308daa1a16e849c633b4571144417543158eb1eeb	true	True	true	canonical	direct-unranked-unsandboxed
3	0	pie:15582797_15582797	pie	B	2	ABBA	8.379441077	6.446243154	1.742871006	3.095226087	1.272191068			90483589120	88627473376	fcc457fee3bcaca85efd97d308daa1a16e849c633b4571144417543158eb1eeb	true	True	true	canonical	direct-unranked-unsandboxed
3	0	pie:15582797_15582797	pie	A	3	ABBA	8.42911671	6.516726726	1.725283935	3.124362796	1.270487289			90483589120	88627473376	fcc457fee3bcaca85efd97d308daa1a16e849c633b4571144417543158eb1eeb	true	True	true	canonical	direct-unranked-unsandboxed
3	0	pie:15603744_15603744	pie	A	0	ABBA	7.826911801	6.0517394	1.828415081	2.724984188	1.217268839			89711837184	87875021696	bf963282d104deec420cdaec8e26f8b2fd235c2e2374a7a4f0b8d6eedf0f3109	true	True	true	canonical	direct-unranked-unsandboxed
3	0	pie:15603744_15603744	pie	B	1	ABBA	7.826761689	6.004736568	1.822755782	2.739339159	1.216306496			89711837184	87875021696	bf963282d104deec420cdaec8e26f8b2fd235c2e2374a7a4f0b8d6eedf0f3109	true	True	true	canonical	direct-unranked-unsandboxed
3	0	pie:15603744_15603744	pie	B	2	ABBA	7.726545317	5.869112891	1.83195837	2.470333217	1.218092108			89711837184	87875021696	bf963282d104deec420cdaec8e26f8b2fd235c2e2374a7a4f0b8d6eedf0f3109	true	True	true	canonical	direct-unranked-unsandboxed
3	0	pie:15603744_15603744	pie	A	3	ABBA	6.974767973	5.247154758	1.432423047	2.459886533	1.215770873			89711837184	87875021696	bf963282d104deec420cdaec8e26f8b2fd235c2e2374a7a4f0b8d6eedf0f3109	true	True	true	canonical	direct-unranked-unsandboxed
3	0	pie:15590913_15590913	pie	A	0	ABBA	8.127251872	6.002326753	1.838772048	2.538154469	1.543841932			105213984768	103366794272	23ef11f1f7bbf0b31d6ede197bd67d2548975b951283c4cedc0fb6148e443af9	true	True	true	canonical	direct-unranked-unsandboxed
3	0	pie:15590913_15590913	pie	B	1	ABBA	7.426646599	5.289505256	1.439861185	2.407864239	1.547233441			105213984768	103366794272	23ef11f1f7bbf0b31d6ede197bd67d2548975b951283c4cedc0fb6148e443af9	true	True	true	canonical	direct-unranked-unsandboxed
3	0	pie:15590913_15590913	pie	B	2	ABBA	8.278173201	6.131749443	1.844677209	2.51623502	1.5445301			105213984768	103366794272	23ef11f1f7bbf0b31d6ede197bd67d2548975b951283c4cedc0fb6148e443af9	true	True	true	canonical	direct-unranked-unsandboxed
3	0	pie:15590913_15590913	pie	A	3	ABBA	8.579448426	6.41137198	1.865472332	2.877392545	1.547776721			105213984768	103366794272	23ef11f1f7bbf0b31d6ede197bd67d2548975b951283c4cedc0fb6148e443af9	true	True	true	canonical	direct-unranked-unsandboxed
3	0	pie:15591789_15591789	pie	A	0	ABBA	9.228747341	6.865462015	1.998938572	3.139185517	1.674399028			116253392896	114411804960	3c39b6f0a59aec76ccc5c215a2530905a0617306260e3590284f11931578151a	true	True	true	canonical	direct-unranked-unsandboxed
3	0	pie:15591789_15591789	pie	B	1	ABBA	8.978970146	6.652025127	2.015474565	3.035140101	1.671480103			116253392896	114411804960	3c39b6f0a59aec76ccc5c215a2530905a0617306260e3590284f11931578151a	true	True	true	canonical	direct-unranked-unsandboxed
3	0	pie:15591789_15591789	pie	B	2	ABBA	8.728054449	6.474973924	2.00001792	2.838667952	1.671657873			116253392896	114411804960	3c39b6f0a59aec76ccc5c215a2530905a0617306260e3590284f11931578151a	true	True	true	canonical	direct-unranked-unsandboxed
3	0	pie:15591789_15591789	pie	A	3	ABBA	9.027866549	6.720031186	2.007659975	3.104694658	1.673514395			116253392896	114411804960	3c39b6f0a59aec76ccc5c215a2530905a0617306260e3590284f11931578151a	true	True	true	canonical	direct-unranked-unsandboxed
3	0	pie:15588777_15588780	pie	A	0	ABBA	9.630352418	6.969916994	2.534918146	2.588080116	1.945680311			134070796288	132228586352	8f24b5a15dceb4c1b850c39e9fb699acf9e1ddcecac2fc993960ce783c8ca310	true	True	true	canonical	direct-unranked-unsandboxed
3	0	pie:15588777_15588780	pie	B	1	ABBA	9.782478369	7.089444243	2.304842945	2.963312591	1.9486411			134070796288	132228586352	8f24b5a15dceb4c1b850c39e9fb699acf9e1ddcecac2fc993960ce783c8ca310	true	True	true	canonical	direct-unranked-unsandboxed
3	0	pie:15588777_15588780	pie	B	2	ABBA	8.829539928	6.148788924	2.09068619	2.289679452	1.956813507			134070796288	132228586352	8f24b5a15dceb4c1b850c39e9fb699acf9e1ddcecac2fc993960ce783c8ca310	true	True	true	canonical	direct-unranked-unsandboxed
3	0	pie:15588777_15588780	pie	A	3	ABBA	10.380345984	7.69904514	2.599930771	3.106302205	1.952119589			134070796288	132228586352	8f24b5a15dceb4c1b850c39e9fb699acf9e1ddcecac2fc993960ce783c8ca310	true	True	true	canonical	direct-unranked-unsandboxed
3	0	pipeline:two-leaf-root	pipeline	A	0	AB	18.895673605					9.386667672	0.903692212	69447057408	39429769536	9093f941c4a9144fd653441c582cc0921bac8431df8df46bdd556b8e661af724	true	True	true	canonical	direct-unranked-unsandboxed
3	0	pipeline:two-leaf-root	pipeline	B	1	AB	19.271375496					9.25770987	0.914583525	69447057408	39429769536	9093f941c4a9144fd653441c582cc0921bac8431df8df46bdd556b8e661af724	true	True	true	canonical	direct-unranked-unsandboxed
3	0	pipeline:two-leaf-batch-integrated	pipeline	A	0	AB	14.737483465					7.877031887	0.80685156	41292791808	39429769536	9093f941c4a9144fd653441c582cc0921bac8431df8df46bdd556b8e661af724	true	True	true	canonical	direct-unranked-unsandboxed
3	0	pipeline:two-leaf-batch-integrated	pipeline	B	1	AB	14.887261367					7.796223789	0.807691447	41292791808	39429769536	9093f941c4a9144fd653441c582cc0921bac8431df8df46bdd556b8e661af724	true	True	true	canonical	direct-unranked-unsandboxed
6	0	pie:15581148_15581148	pie	A	0	ABBA	6.925638036	5.142332757	1.243142435	2.506494142	1.171816074			84544454656	82697758816	fd4f9c27bad18a2c7f089b8af5eb7c8e3a3db1c7aeb3d38f3ad5b142f6061b3c	true	True	true	canonical	direct-unranked-unsandboxed
6	0	pie:15581148_15581148	pie	B	1	ABBA	6.633511452	4.577971733	1.453919075	1.593694511	1.199239108			84544454656	82697758816	fd4f9c27bad18a2c7f089b8af5eb7c8e3a3db1c7aeb3d38f3ad5b142f6061b3c	true	True	true	canonical	direct-unranked-unsandboxed
6	0	pie:15581148_15581148	pie	B	2	ABBA	6.525724626	4.584739031	1.596043115	1.428889784	1.200554533			84544454656	82697758816	fd4f9c27bad18a2c7f089b8af5eb7c8e3a3db1c7aeb3d38f3ad5b142f6061b3c	true	True	true	canonical	direct-unranked-unsandboxed
6	0	pie:15581148_15581148	pie	A	3	ABBA	8.076785593	6.287413568	1.609164954	3.075120183	1.171415238			84544454656	82697758816	fd4f9c27bad18a2c7f089b8af5eb7c8e3a3db1c7aeb3d38f3ad5b142f6061b3c	true	True	true	canonical	direct-unranked-unsandboxed
6	0	pie:15582797_15582797	pie	A	0	ABBA	7.977831071	5.496067272	1.33548898	2.53148654	1.299549004			91036844032	88627473376	fcc457fee3bcaca85efd97d308daa1a16e849c633b4571144417543158eb1eeb	true	True	true	canonical	direct-unranked-unsandboxed
6	0	pie:15582797_15582797	pie	B	1	ABBA	6.575331157	4.599344341	1.707386046	1.200902326	1.27434855			90483589120	88627473376	fcc457fee3bcaca85efd97d308daa1a16e849c633b4571144417543158eb1eeb	true	True	true	canonical	direct-unranked-unsandboxed
6	0	pie:15582797_15582797	pie	B	2	ABBA	6.525129431	4.522392177	1.707636891	1.281123626	1.292252204			90483589120	88627473376	fcc457fee3bcaca85efd97d308daa1a16e849c633b4571144417543158eb1eeb	true	True	true	canonical	direct-unranked-unsandboxed
6	0	pie:15582797_15582797	pie	A	3	ABBA	8.428278319	6.440773073	1.716151841	3.148727715	1.30255234			90483589120	88627473376	fcc457fee3bcaca85efd97d308daa1a16e849c633b4571144417543158eb1eeb	true	True	true	canonical	direct-unranked-unsandboxed
6	0	pie:15603744_15603744	pie	A	0	ABBA	8.377232085	6.511139098	1.829377467	3.084379245	1.238858784			89711837184	87875021696	bf963282d104deec420cdaec8e26f8b2fd235c2e2374a7a4f0b8d6eedf0f3109	true	True	true	canonical	direct-unranked-unsandboxed
6	0	pie:15603744_15603744	pie	B	1	ABBA	6.524409438	4.587592336	1.83203215	1.162778292	1.243738289			89711837184	87875021696	bf963282d104deec420cdaec8e26f8b2fd235c2e2374a7a4f0b8d6eedf0f3109	true	True	true	canonical	direct-unranked-unsandboxed
6	0	pie:15603744_15603744	pie	B	2	ABBA	6.324328483	4.25328789	1.838366416	1.019939426	1.244722558			89711837184	87875021696	bf963282d104deec420cdaec8e26f8b2fd235c2e2374a7a4f0b8d6eedf0f3109	true	True	true	canonical	direct-unranked-unsandboxed
6	0	pie:15603744_15603744	pie	A	3	ABBA	8.227388654	6.415394313	1.843360549	3.056325784	1.21960074			89711837184	87875021696	bf963282d104deec420cdaec8e26f8b2fd235c2e2374a7a4f0b8d6eedf0f3109	true	True	true	canonical	direct-unranked-unsandboxed
6	0	pie:15590913_15590913	pie	A	0	ABBA	8.828127157	6.628455649	1.851104251	3.064020672	1.544824953			105213984768	103366794272	23ef11f1f7bbf0b31d6ede197bd67d2548975b951283c4cedc0fb6148e443af9	true	True	true	canonical	direct-unranked-unsandboxed
6	0	pie:15590913_15590913	pie	B	1	ABBA	6.574770596	4.228453363	1.900750647	0.777675314	1.54517555			105213984768	103366794272	23ef11f1f7bbf0b31d6ede197bd67d2548975b951283c4cedc0fb6148e443af9	true	True	true	canonical	direct-unranked-unsandboxed
6	0	pie:15590913_15590913	pie	B	2	ABBA	6.875463046	4.575003414	1.859509581	1.021661021	1.573038335			105213984768	103366794272	23ef11f1f7bbf0b31d6ede197bd67d2548975b951283c4cedc0fb6148e443af9	true	True	true	canonical	direct-unranked-unsandboxed
6	0	pie:15590913_15590913	pie	A	3	ABBA	8.378282291	6.197101172	1.849927153	2.729481153	1.551730448			105213984768	103366794272	23ef11f1f7bbf0b31d6ede197bd67d2548975b951283c4cedc0fb6148e443af9	true	True	true	canonical	direct-unranked-unsandboxed
6	0	pie:15591789_15591789	pie	A	0	ABBA	9.028312544	6.731942616	1.988423084	3.144298115	1.6681456			116253392896	114411804960	3c39b6f0a59aec76ccc5c215a2530905a0617306260e3590284f11931578151a	true	True	true	canonical	direct-unranked-unsandboxed
6	0	pie:15591789_15591789	pie	B	1	ABBA	7.225478787	4.850928558	2.036736922	1.073044268	1.677405761			116253392896	114411804960	3c39b6f0a59aec76ccc5c215a2530905a0617306260e3590284f11931578151a	true	True	true	canonical	direct-unranked-unsandboxed
6	0	pie:15591789_15591789	pie	B	2	ABBA	7.176871424	4.722034906	2.014806641	1.050708042	1.693938514			116253392896	114411804960	3c39b6f0a59aec76ccc5c215a2530905a0617306260e3590284f11931578151a	true	True	true	canonical	direct-unranked-unsandboxed
6	0	pie:15591789_15591789	pie	A	3	ABBA	7.777204536	5.486613405	1.56564837	2.494373482	1.668609232			116253392896	114411804960	3c39b6f0a59aec76ccc5c215a2530905a0617306260e3590284f11931578151a	true	True	true	canonical	direct-unranked-unsandboxed
6	0	pie:15588777_15588780	pie	A	0	ABBA	10.43143358	7.640745898	2.597487246	3.074513015	1.974873226			134070796288	132228586352	8f24b5a15dceb4c1b850c39e9fb699acf9e1ddcecac2fc993960ce783c8ca310	true	True	true	canonical	direct-unranked-unsandboxed
6	0	pie:15588777_15588780	pie	B	1	ABBA	8.377844761	5.509696675	2.584429255	0.997890083	1.973750167			134070796288	132228586352	8f24b5a15dceb4c1b850c39e9fb699acf9e1ddcecac2fc993960ce783c8ca310	true	True	true	canonical	direct-unranked-unsandboxed
6	0	pie:15588777_15588780	pie	B	2	ABBA	8.228770399	5.489044034	2.624446153	0.96998222	1.953947313			134070796288	132228586352	8f24b5a15dceb4c1b850c39e9fb699acf9e1ddcecac2fc993960ce783c8ca310	true	True	true	canonical	direct-unranked-unsandboxed
6	0	pie:15588777_15588780	pie	A	3	ABBA	10.38077419	7.637988472	2.648538112	3.04233974	1.949201072			134070796288	132228586352	8f24b5a15dceb4c1b850c39e9fb699acf9e1ddcecac2fc993960ce783c8ca310	true	True	true	canonical	direct-unranked-unsandboxed
6	0	recursion:two-leaf-wrap-fold	recursion	A	0	ABBA	3.321101877							29418717184	28132566560	9093f941c4a9144fd653441c582cc0921bac8431df8df46bdd556b8e661af724	true	True	true	canonical	direct-unranked-unsandboxed
6	0	recursion:two-leaf-wrap-fold	recursion	B	1	ABBA	2.920098696							29418717184	28132566560	9093f941c4a9144fd653441c582cc0921bac8431df8df46bdd556b8e661af724	true	True	true	canonical	direct-unranked-unsandboxed
6	0	recursion:two-leaf-wrap-fold	recursion	B	2	ABBA	2.869653126							29418717184	28132566560	9093f941c4a9144fd653441c582cc0921bac8431df8df46bdd556b8e661af724	true	True	true	canonical	direct-unranked-unsandboxed
6	0	recursion:two-leaf-wrap-fold	recursion	A	3	ABBA	2.97040979							29418717184	28132566560	9093f941c4a9144fd653441c582cc0921bac8431df8df46bdd556b8e661af724	true	True	true	canonical	direct-unranked-unsandboxed
6	0	recursion:eight-distinct-pie-fold	recursion	A	0	ABBA	9.179943262							29418717184	28132566560	053157c56469b3c452435ca9b0569979e928405c130928b8b76b49fbbe2646a9	true	True	true	canonical	direct-unranked-unsandboxed
6	0	recursion:eight-distinct-pie-fold	recursion	B	1	ABBA	8.627763853							29418717184	28132566560	053157c56469b3c452435ca9b0569979e928405c130928b8b76b49fbbe2646a9	true	True	true	canonical	direct-unranked-unsandboxed
6	0	recursion:eight-distinct-pie-fold	recursion	B	2	ABBA	8.327270699							29418717184	28132566560	053157c56469b3c452435ca9b0569979e928405c130928b8b76b49fbbe2646a9	true	True	true	canonical	direct-unranked-unsandboxed
6	0	recursion:eight-distinct-pie-fold	recursion	A	3	ABBA	9.278592275							29418717184	28132566560	053157c56469b3c452435ca9b0569979e928405c130928b8b76b49fbbe2646a9	true	True	true	canonical	direct-unranked-unsandboxed
6	0	pipeline:two-leaf-root	pipeline	A	0	ABBA	19.409981749					9.192736656	0.944760978	69447057408	39429769536	9093f941c4a9144fd653441c582cc0921bac8431df8df46bdd556b8e661af724	true	True	true	canonical	direct-unranked-unsandboxed
6	0	pipeline:two-leaf-root	pipeline	B	1	ABBA	19.042711899					8.925671236	0.936644396	69447057408	39429769536	9093f941c4a9144fd653441c582cc0921bac8431df8df46bdd556b8e661af724	true	True	true	canonical	direct-unranked-unsandboxed
6	0	pipeline:two-leaf-root	pipeline	B	2	ABBA	19.142789124					8.861953189	0.940740899	69447057408	39429769536	9093f941c4a9144fd653441c582cc0921bac8431df8df46bdd556b8e661af724	true	True	true	canonical	direct-unranked-unsandboxed
6	0	pipeline:two-leaf-root	pipeline	A	3	ABBA	18.643181343					9.212800469	0.929075666	69447057408	39429769536	9093f941c4a9144fd653441c582cc0921bac8431df8df46bdd556b8e661af724	true	True	true	canonical	direct-unranked-unsandboxed
6	0	pipeline:two-leaf-batch-integrated	pipeline	A	0	ABBA	14.285892976					7.299730849	0.809491785	41292791808	39429769536	9093f941c4a9144fd653441c582cc0921bac8431df8df46bdd556b8e661af724	true	True	true	canonical	direct-unranked-unsandboxed
6	0	pipeline:two-leaf-batch-integrated	pipeline	B	1	ABBA	14.336042297					7.204304596	0.780083749	41292791808	39429769536	9093f941c4a9144fd653441c582cc0921bac8431df8df46bdd556b8e661af724	true	True	true	canonical	direct-unranked-unsandboxed
6	0	pipeline:two-leaf-batch-integrated	pipeline	B	2	ABBA	15.43816829					8.407230076	0.80447321	41292791808	39429769536	9093f941c4a9144fd653441c582cc0921bac8431df8df46bdd556b8e661af724	true	True	true	canonical	direct-unranked-unsandboxed
6	0	pipeline:two-leaf-batch-integrated	pipeline	A	3	ABBA	14.236396314					7.381055717	0.768508029	41292791808	39429769536	9093f941c4a9144fd653441c582cc0921bac8431df8df46bdd556b8e661af724	true	True	true	canonical	direct-unranked-unsandboxed
6	1	pie:15581148_15581148	pie	A	0	ABBA	8.177014624	6.386290549	1.630471979	3.073703215	1.19626026			84544454656	82697758816	fd4f9c27bad18a2c7f089b8af5eb7c8e3a3db1c7aeb3d38f3ad5b142f6061b3c	true	True	true	canonical	direct-unranked-unsandboxed
6	1	pie:15581148_15581148	pie	B	1	ABBA	6.074728957	4.262542955	1.225230827	1.717036016	1.167397092			84544454656	82697758816	fd4f9c27bad18a2c7f089b8af5eb7c8e3a3db1c7aeb3d38f3ad5b142f6061b3c	true	True	true	canonical	direct-unranked-unsandboxed
6	1	pie:15581148_15581148	pie	B	2	ABBA	6.274930687	4.445923977	1.578364706	1.425420648	1.168275043			84544454656	82697758816	fd4f9c27bad18a2c7f089b8af5eb7c8e3a3db1c7aeb3d38f3ad5b142f6061b3c	true	True	true	canonical	direct-unranked-unsandboxed
6	1	pie:15581148_15581148	pie	A	3	ABBA	8.227210501	6.359355989	1.570669394	3.073169332	1.205744899			84544454656	82697758816	fd4f9c27bad18a2c7f089b8af5eb7c8e3a3db1c7aeb3d38f3ad5b142f6061b3c	true	True	true	canonical	direct-unranked-unsandboxed
6	1	pie:15582797_15582797	pie	A	0	ABBA	8.277165433	6.378628759	1.746002384	3.112081107	1.291426014			90483589120	88627473376	fcc457fee3bcaca85efd97d308daa1a16e849c633b4571144417543158eb1eeb	true	True	true	canonical	direct-unranked-unsandboxed
6	1	pie:15582797_15582797	pie	B	1	ABBA	6.525878058	4.565125605	1.709384553	1.330084589	1.296642457			90483589120	88627473376	fcc457fee3bcaca85efd97d308daa1a16e849c633b4571144417543158eb1eeb	true	True	true	canonical	direct-unranked-unsandboxed
6	1	pie:15582797_15582797	pie	B	2	ABBA	6.274339908	4.262439077	1.787509035	1.075108182	1.272826882			90483589120	88627473376	fcc457fee3bcaca85efd97d308daa1a16e849c633b4571144417543158eb1eeb	true	True	true	canonical	direct-unranked-unsandboxed
6	1	pie:15582797_15582797	pie	A	3	ABBA	7.075189961	5.19004586	1.57071225	2.313549595	1.274087601			90483589120	88627473376	fcc457fee3bcaca85efd97d308daa1a16e849c633b4571144417543158eb1eeb	true	True	true	canonical	direct-unranked-unsandboxed
6	1	pie:15603744_15603744	pie	A	0	ABBA	8.677700504	6.836364662	1.877851989	3.07510049	1.246797862			89711837184	87875021696	bf963282d104deec420cdaec8e26f8b2fd235c2e2374a7a4f0b8d6eedf0f3109	true	True	true	canonical	direct-unranked-unsandboxed
6	1	pie:15603744_15603744	pie	B	1	ABBA	6.425375805	4.51934867	1.81437634	1.146845136	1.242000966			89711837184	87875021696	bf963282d104deec420cdaec8e26f8b2fd235c2e2374a7a4f0b8d6eedf0f3109	true	True	true	canonical	direct-unranked-unsandboxed
6	1	pie:15603744_15603744	pie	B	2	ABBA	6.224925724	4.289684014	1.901022341	0.923386306	1.217285468			89711837184	87875021696	bf963282d104deec420cdaec8e26f8b2fd235c2e2374a7a4f0b8d6eedf0f3109	true	True	true	canonical	direct-unranked-unsandboxed
6	1	pie:15603744_15603744	pie	A	3	ABBA	8.478719574	6.554782569	1.845793313	3.079255625	1.256956246			89711837184	87875021696	bf963282d104deec420cdaec8e26f8b2fd235c2e2374a7a4f0b8d6eedf0f3109	true	True	true	canonical	direct-unranked-unsandboxed
6	1	pie:15590913_15590913	pie	A	0	ABBA	8.928364594	6.659170051	1.885859727	2.967970916	1.573484429			105213984768	103366794272	23ef11f1f7bbf0b31d6ede197bd67d2548975b951283c4cedc0fb6148e443af9	true	True	true	canonical	direct-unranked-unsandboxed
6	1	pie:15590913_15590913	pie	B	1	ABBA	6.82585583	4.587410321	1.837538159	1.066670017	1.571955354			105213984768	103366794272	23ef11f1f7bbf0b31d6ede197bd67d2548975b951283c4cedc0fb6148e443af9	true	True	true	canonical	direct-unranked-unsandboxed
6	1	pie:15590913_15590913	pie	B	2	ABBA	6.224230668	3.973080015	1.492463247	1.031766816	1.546029126			105213984768	103366794272	23ef11f1f7bbf0b31d6ede197bd67d2548975b951283c4cedc0fb6148e443af9	true	True	true	canonical	direct-unranked-unsandboxed
6	1	pie:15590913_15590913	pie	A	3	ABBA	8.627748122	6.469199401	1.833570057	3.037147056	1.547326099			105213984768	103366794272	23ef11f1f7bbf0b31d6ede197bd67d2548975b951283c4cedc0fb6148e443af9	true	True	true	canonical	direct-unranked-unsandboxed
6	1	pie:15591789_15591789	pie	A	0	ABBA	8.477628937	6.065514929	1.571461817	2.925049218	1.696829585			116253392896	114411804960	3c39b6f0a59aec76ccc5c215a2530905a0617306260e3590284f11931578151a	true	True	true	canonical	direct-unranked-unsandboxed
6	1	pie:15591789_15591789	pie	B	1	ABBA	7.176873564	4.725827502	1.999306537	1.034795141	1.6972029			116253392896	114411804960	3c39b6f0a59aec76ccc5c215a2530905a0617306260e3590284f11931578151a	true	True	true	canonical	direct-unranked-unsandboxed
6	1	pie:15591789_15591789	pie	B	2	ABBA	7.175553794	4.719887765	2.029267276	1.037871427	1.700440358			116253392896	114411804960	3c39b6f0a59aec76ccc5c215a2530905a0617306260e3590284f11931578151a	true	True	true	canonical	direct-unranked-unsandboxed
6	1	pie:15591789_15591789	pie	A	3	ABBA	8.527578699	6.226180658	2.007965364	2.590596307	1.67309073			116253392896	114411804960	3c39b6f0a59aec76ccc5c215a2530905a0617306260e3590284f11931578151a	true	True	true	canonical	direct-unranked-unsandboxed
6	1	pie:15588777_15588780	pie	A	0	ABBA	10.279892303	7.564109223	2.565276904	3.041388698	1.970938629			134070796288	132228586352	8f24b5a15dceb4c1b850c39e9fb699acf9e1ddcecac2fc993960ce783c8ca310	true	True	true	canonical	direct-unranked-unsandboxed
6	1	pie:15588777_15588780	pie	B	1	ABBA	8.377625439	5.566473997	2.654605367	0.99712311	1.956475223			134070796288	132228586352	8f24b5a15dceb4c1b850c39e9fb699acf9e1ddcecac2fc993960ce783c8ca310	true	True	true	canonical	direct-unranked-unsandboxed
6	1	pie:15588777_15588780	pie	B	2	ABBA	7.926937008	5.113388433	2.601945643	0.810807531	1.94817647			134070796288	132228586352	8f24b5a15dceb4c1b850c39e9fb699acf9e1ddcecac2fc993960ce783c8ca310	true	True	true	canonical	direct-unranked-unsandboxed
6	1	pie:15588777_15588780	pie	A	3	ABBA	9.629988722	7.040229634	2.569455775	2.610951317	1.946647608			134070796288	132228586352	8f24b5a15dceb4c1b850c39e9fb699acf9e1ddcecac2fc993960ce783c8ca310	true	True	true	canonical	direct-unranked-unsandboxed
6	1	recursion:two-leaf-wrap-fold	recursion	A	0	ABBA	2.870217685							29418717184	28132566560	9093f941c4a9144fd653441c582cc0921bac8431df8df46bdd556b8e661af724	true	True	true	canonical	direct-unranked-unsandboxed
6	1	recursion:two-leaf-wrap-fold	recursion	B	1	ABBA	2.969892266							29418717184	28132566560	9093f941c4a9144fd653441c582cc0921bac8431df8df46bdd556b8e661af724	true	True	true	canonical	direct-unranked-unsandboxed
6	1	recursion:two-leaf-wrap-fold	recursion	B	2	ABBA	2.869708411							29418717184	28132566560	9093f941c4a9144fd653441c582cc0921bac8431df8df46bdd556b8e661af724	true	True	true	canonical	direct-unranked-unsandboxed
6	1	recursion:two-leaf-wrap-fold	recursion	A	3	ABBA	2.919689446							29418717184	28132566560	9093f941c4a9144fd653441c582cc0921bac8431df8df46bdd556b8e661af724	true	True	true	canonical	direct-unranked-unsandboxed
6	1	recursion:eight-distinct-pie-fold	recursion	A	0	ABBA	8.176920646							29418717184	28132566560	053157c56469b3c452435ca9b0569979e928405c130928b8b76b49fbbe2646a9	true	True	true	canonical	direct-unranked-unsandboxed
6	1	recursion:eight-distinct-pie-fold	recursion	B	1	ABBA	8.627835629							29418717184	28132566560	053157c56469b3c452435ca9b0569979e928405c130928b8b76b49fbbe2646a9	true	True	true	canonical	direct-unranked-unsandboxed
6	1	recursion:eight-distinct-pie-fold	recursion	B	2	ABBA	8.727601003							29418717184	28132566560	053157c56469b3c452435ca9b0569979e928405c130928b8b76b49fbbe2646a9	true	True	true	canonical	direct-unranked-unsandboxed
6	1	recursion:eight-distinct-pie-fold	recursion	A	3	ABBA	9.631132552							29418717184	28132566560	053157c56469b3c452435ca9b0569979e928405c130928b8b76b49fbbe2646a9	true	True	true	canonical	direct-unranked-unsandboxed
6	1	pipeline:two-leaf-root	pipeline	A	0	ABBA	18.44215976					9.285688733	0.945521724	69447057408	39429769536	9093f941c4a9144fd653441c582cc0921bac8431df8df46bdd556b8e661af724	true	True	true	canonical	direct-unranked-unsandboxed
6	1	pipeline:two-leaf-root	pipeline	B	1	ABBA	18.191263967					8.618231439	0.936017632	69447057408	39429769536	9093f941c4a9144fd653441c582cc0921bac8431df8df46bdd556b8e661af724	true	True	true	canonical	direct-unranked-unsandboxed
6	1	pipeline:two-leaf-root	pipeline	B	2	ABBA	19.143791403					8.39648594	0.910433465	69447057408	39429769536	9093f941c4a9144fd653441c582cc0921bac8431df8df46bdd556b8e661af724	true	True	true	canonical	direct-unranked-unsandboxed
6	1	pipeline:two-leaf-root	pipeline	A	3	ABBA	18.543286881					9.387007839	0.948187836	69447057408	39429769536	9093f941c4a9144fd653441c582cc0921bac8431df8df46bdd556b8e661af724	true	True	true	canonical	direct-unranked-unsandboxed
6	1	pipeline:two-leaf-batch-integrated	pipeline	A	0	ABBA	15.688926581					8.327715076	0.809539961	41292791808	39429769536	9093f941c4a9144fd653441c582cc0921bac8431df8df46bdd556b8e661af724	true	True	true	canonical	direct-unranked-unsandboxed
6	1	pipeline:two-leaf-batch-integrated	pipeline	B	1	ABBA	14.837422203					7.429941254	0.771151343	41292791808	39429769536	9093f941c4a9144fd653441c582cc0921bac8431df8df46bdd556b8e661af724	true	True	true	canonical	direct-unranked-unsandboxed
6	1	pipeline:two-leaf-batch-integrated	pipeline	B	2	ABBA	15.537616228					8.400308075	0.809279632	41292791808	39429769536	9093f941c4a9144fd653441c582cc0921bac8431df8df46bdd556b8e661af724	true	True	true	canonical	direct-unranked-unsandboxed
6	1	pipeline:two-leaf-batch-integrated	pipeline	A	3	ABBA	13.535014122					6.55618313	0.774182263	41292791808	39429769536	9093f941c4a9144fd653441c582cc0921bac8431df8df46bdd556b8e661af724	true	True	true	canonical	direct-unranked-unsandboxed
6	2	pie:15581148_15581148	pie	A	0	ABBA	8.528509693	6.724069879	1.620972197	3.061200026	1.19944433			84544454656	82697758816	fd4f9c27bad18a2c7f089b8af5eb7c8e3a3db1c7aeb3d38f3ad5b142f6061b3c	true	True	true	canonical	direct-unranked-unsandboxed
6	2	pie:15581148_15581148	pie	B	1	ABBA	6.378192968	4.513227136	1.584495066	1.404569591	1.197100059			84544454656	82697758816	fd4f9c27bad18a2c7f089b8af5eb7c8e3a3db1c7aeb3d38f3ad5b142f6061b3c	true	True	true	canonical	direct-unranked-unsandboxed
6	2	pie:15581148_15581148	pie	B	2	ABBA	6.074116692	4.226277239	1.601515157	1.168356955	1.170980933			84544454656	82697758816	fd4f9c27bad18a2c7f089b8af5eb7c8e3a3db1c7aeb3d38f3ad5b142f6061b3c	true	True	true	canonical	direct-unranked-unsandboxed
6	2	pie:15581148_15581148	pie	A	3	ABBA	7.577442341	5.841272313	1.535836412	2.817429244	1.169478284			84544454656	82697758816	fd4f9c27bad18a2c7f089b8af5eb7c8e3a3db1c7aeb3d38f3ad5b142f6061b3c	true	True	true	canonical	direct-unranked-unsandboxed
6	2	pie:15582797_15582797	pie	A	0	ABBA	8.42704198	6.550586713	1.667746955	3.153558363	1.296534318			90483589120	88627473376	fcc457fee3bcaca85efd97d308daa1a16e849c633b4571144417543158eb1eeb	true	True	true	canonical	direct-unranked-unsandboxed
6	2	pie:15582797_15582797	pie	B	1	ABBA	6.574693092	4.42199139	1.802046374	1.080721997	1.296340175			90483589120	88627473376	fcc457fee3bcaca85efd97d308daa1a16e849c633b4571144417543158eb1eeb	true	True	true	canonical	direct-unranked-unsandboxed
6	2	pie:15582797_15582797	pie	B	2	ABBA	6.275154076	4.301694343	1.715156204	1.051699153	1.299361868			90483589120	88627473376	fcc457fee3bcaca85efd97d308daa1a16e849c633b4571144417543158eb1eeb	true	True	true	canonical	direct-unranked-unsandboxed
6	2	pie:15582797_15582797	pie	A	3	ABBA	7.726978085	5.891503016	1.705854133	2.751898827	1.269764217			90483589120	88627473376	fcc457fee3bcaca85efd97d308daa1a16e849c633b4571144417543158eb1eeb	true	True	true	canonical	direct-unranked-unsandboxed
6	2	pie:15603744_15603744	pie	A	0	ABBA	8.226684327	6.169311786	1.821685089	2.852136667	1.220313818			89711837184	87875021696	bf963282d104deec420cdaec8e26f8b2fd235c2e2374a7a4f0b8d6eedf0f3109	true	True	true	canonical	direct-unranked-unsandboxed
6	2	pie:15603744_15603744	pie	B	1	ABBA	6.324355297	4.44338499	1.847928931	1.086207274	1.216298785			89711837184	87875021696	bf963282d104deec420cdaec8e26f8b2fd235c2e2374a7a4f0b8d6eedf0f3109	true	True	true	canonical	direct-unranked-unsandboxed
6	2	pie:15603744_15603744	pie	B	2	ABBA	6.725220628	4.62698104	1.921650668	1.019134636	1.243448934			89711837184	87875021696	bf963282d104deec420cdaec8e26f8b2fd235c2e2374a7a4f0b8d6eedf0f3109	true	True	true	canonical	direct-unranked-unsandboxed
6	2	pie:15603744_15603744	pie	A	3	ABBA	8.327684556	6.496181965	1.842350319	3.022868911	1.24389884			89711837184	87875021696	bf963282d104deec420cdaec8e26f8b2fd235c2e2374a7a4f0b8d6eedf0f3109	true	True	true	canonical	direct-unranked-unsandboxed
6	2	pie:15590913_15590913	pie	A	0	ABBA	8.228134441	5.931656726	1.73531395	2.51614713	1.576540626			105213984768	103366794272	23ef11f1f7bbf0b31d6ede197bd67d2548975b951283c4cedc0fb6148e443af9	true	True	true	canonical	direct-unranked-unsandboxed
6	2	pie:15590913_15590913	pie	B	1	ABBA	6.725457375	4.492207787	1.837547393	0.971660973	1.54767801			105213984768	103366794272	23ef11f1f7bbf0b31d6ede197bd67d2548975b951283c4cedc0fb6148e443af9	true	True	true	canonical	direct-unranked-unsandboxed
6	2	pie:15590913_15590913	pie	B	2	ABBA	7.176822494	4.810428548	1.88720797	0.950378721	1.578765702			105213984768	103366794272	23ef11f1f7bbf0b31d6ede197bd67d2548975b951283c4cedc0fb6148e443af9	true	True	true	canonical	direct-unranked-unsandboxed
6	2	pie:15590913_15590913	pie	A	3	ABBA	7.876901648	5.604914556	1.859814819	2.267251388	1.552247177			105213984768	103366794272	23ef11f1f7bbf0b31d6ede197bd67d2548975b951283c4cedc0fb6148e443af9	true	True	true	canonical	direct-unranked-unsandboxed
6	2	pie:15591789_15591789	pie	A	0	ABBA	8.629109314	6.357736044	2.005263427	2.717377425	1.673954534			116253392896	114411804960	3c39b6f0a59aec76ccc5c215a2530905a0617306260e3590284f11931578151a	true	True	true	canonical	direct-unranked-unsandboxed
6	2	pie:15591789_15591789	pie	B	1	ABBA	7.076019915	4.653355395	2.046654939	1.010327359	1.676917225			116253392896	114411804960	3c39b6f0a59aec76ccc5c215a2530905a0617306260e3590284f11931578151a	true	True	true	canonical	direct-unranked-unsandboxed
6	2	pie:15591789_15591789	pie	B	2	ABBA	7.17608827	4.741275634	1.990337111	1.060829708	1.696327394			116253392896	114411804960	3c39b6f0a59aec76ccc5c215a2530905a0617306260e3590284f11931578151a	true	True	true	canonical	direct-unranked-unsandboxed
6	2	pie:15591789_15591789	pie	A	3	ABBA	9.279000027	6.836424641	1.993160715	3.110693081	1.671398593			116253392896	114411804960	3c39b6f0a59aec76ccc5c215a2530905a0617306260e3590284f11931578151a	true	True	true	canonical	direct-unranked-unsandboxed
6	2	pie:15588777_15588780	pie	A	0	ABBA	9.829277575	7.178708812	2.767526858	2.508711676	1.949820337			134070796288	132228586352	8f24b5a15dceb4c1b850c39e9fb699acf9e1ddcecac2fc993960ce783c8ca310	true	True	true	canonical	direct-unranked-unsandboxed
6	2	pie:15588777_15588780	pie	B	1	ABBA	8.327777798	5.561270538	2.623855593	0.981181195	1.952838809			134070796288	132228586352	8f24b5a15dceb4c1b850c39e9fb699acf9e1ddcecac2fc993960ce783c8ca310	true	True	true	canonical	direct-unranked-unsandboxed
6	2	pie:15588777_15588780	pie	B	2	ABBA	8.176726768	5.4513661	2.601791406	1.004572769	1.947985463			134070796288	132228586352	8f24b5a15dceb4c1b850c39e9fb699acf9e1ddcecac2fc993960ce783c8ca310	true	True	true	canonical	direct-unranked-unsandboxed
6	2	pie:15588777_15588780	pie	A	3	ABBA	9.278674698	6.592188863	2.553366565	2.284684675	1.949631798			134070796288	132228586352	8f24b5a15dceb4c1b850c39e9fb699acf9e1ddcecac2fc993960ce783c8ca310	true	True	true	canonical	direct-unranked-unsandboxed
6	2	recursion:two-leaf-wrap-fold	recursion	A	0	ABBA	3.120412461							29418717184	28132566560	9093f941c4a9144fd653441c582cc0921bac8431df8df46bdd556b8e661af724	true	True	true	canonical	direct-unranked-unsandboxed
6	2	recursion:two-leaf-wrap-fold	recursion	B	1	ABBA	2.919909522							29418717184	28132566560	9093f941c4a9144fd653441c582cc0921bac8431df8df46bdd556b8e661af724	true	True	true	canonical	direct-unranked-unsandboxed
6	2	recursion:two-leaf-wrap-fold	recursion	B	2	ABBA	2.892779778							29418717184	28132566560	9093f941c4a9144fd653441c582cc0921bac8431df8df46bdd556b8e661af724	true	True	true	canonical	direct-unranked-unsandboxed
6	2	recursion:two-leaf-wrap-fold	recursion	A	3	ABBA	2.719487285							29418717184	28132566560	9093f941c4a9144fd653441c582cc0921bac8431df8df46bdd556b8e661af724	true	True	true	canonical	direct-unranked-unsandboxed
6	2	recursion:eight-distinct-pie-fold	recursion	A	0	ABBA	8.277766802							29418717184	28132566560	053157c56469b3c452435ca9b0569979e928405c130928b8b76b49fbbe2646a9	true	True	true	canonical	direct-unranked-unsandboxed
6	2	recursion:eight-distinct-pie-fold	recursion	B	1	ABBA	8.928562376							29418717184	28132566560	053157c56469b3c452435ca9b0569979e928405c130928b8b76b49fbbe2646a9	true	True	true	canonical	direct-unranked-unsandboxed
6	2	recursion:eight-distinct-pie-fold	recursion	B	2	ABBA	9.078404497							29418717184	28132566560	053157c56469b3c452435ca9b0569979e928405c130928b8b76b49fbbe2646a9	true	True	true	canonical	direct-unranked-unsandboxed
6	2	recursion:eight-distinct-pie-fold	recursion	A	3	ABBA	9.578649827							29418717184	28132566560	053157c56469b3c452435ca9b0569979e928405c130928b8b76b49fbbe2646a9	true	True	true	canonical	direct-unranked-unsandboxed
6	2	pipeline:two-leaf-root	pipeline	A	0	ABBA	18.492969543					9.327204652	0.938341242	69447057408	39429769536	9093f941c4a9144fd653441c582cc0921bac8431df8df46bdd556b8e661af724	true	True	true	canonical	direct-unranked-unsandboxed
6	2	pipeline:two-leaf-root	pipeline	B	1	ABBA	18.342137556					8.830943862	0.940567591	69447057408	39429769536	9093f941c4a9144fd653441c582cc0921bac8431df8df46bdd556b8e661af724	true	True	true	canonical	direct-unranked-unsandboxed
6	2	pipeline:two-leaf-root	pipeline	B	2	ABBA	19.49763937					8.644138957	0.947705331	69447057408	39429769536	9093f941c4a9144fd653441c582cc0921bac8431df8df46bdd556b8e661af724	true	True	true	canonical	direct-unranked-unsandboxed
6	2	pipeline:two-leaf-root	pipeline	A	3	ABBA	19.305686812					9.472985093	0.936088955	69447057408	39429769536	9093f941c4a9144fd653441c582cc0921bac8431df8df46bdd556b8e661af724	true	True	true	canonical	direct-unranked-unsandboxed
6	2	pipeline:two-leaf-batch-integrated	pipeline	A	0	ABBA	15.390981885					7.746552809	0.812541062	41292791808	39429769536	9093f941c4a9144fd653441c582cc0921bac8431df8df46bdd556b8e661af724	true	True	true	canonical	direct-unranked-unsandboxed
6	2	pipeline:two-leaf-batch-integrated	pipeline	B	1	ABBA	16.441864445					9.027048943	0.826850092	41292791808	39429769536	9093f941c4a9144fd653441c582cc0921bac8431df8df46bdd556b8e661af724	true	True	true	canonical	direct-unranked-unsandboxed
6	2	pipeline:two-leaf-batch-integrated	pipeline	B	2	ABBA	15.386836962					8.416505527	0.809357283	41292791808	39429769536	9093f941c4a9144fd653441c582cc0921bac8431df8df46bdd556b8e661af724	true	True	true	canonical	direct-unranked-unsandboxed
6	2	pipeline:two-leaf-batch-integrated	pipeline	A	3	ABBA	13.333845897					6.550428456	0.766708167	41292791808	39429769536	9093f941c4a9144fd653441c582cc0921bac8431df8df46bdd556b8e661af724	true	True	true	canonical	direct-unranked-unsandboxed
